client_order_id,trader_id,strategy_id,instrument_id,venue_order_id,position_id,account_id,last_trade_id,type,side,quantity,price,time_in_force,expire_time_ns,filled_qty,liquidity_side,avg_px,slippage,commissions,status,is_post_only,is_reduce_only,is_quote_quantity,display_qty,emulation_trigger,trigger_instrument_id,contingency_type,order_list_id,linked_order_ids,parent_order_id,exec_algorithm_id,exec_algorithm_params,exec_spawn_id,tags,init_id,ts_init,ts_last
O-20251116-023855-001-000-1,BACKTESTER-001,TestSingleMakerStrategy-000,SOLUSDT-LINEAR.BYBIT,BYBIT-1-001,SOLUSDT-LINEAR.BYBIT-TestSingleMakerStrategy-000,BYBIT-001,BYBIT-1-006,LIMIT,BUY,1.0,140.070,GTC,,1.0,MAKER,140.07,0.0,['0.14007000 USDT'],FILLED,False,False,False,,NO_TRIGGER,,NO_CONTINGENCY,,,,,,,,cf57a9ec-5dbc-4eef-b38b-21a2b22d29b7,2025-11-16 02:38:55.058231+00:00,2025-11-16 02:46:33.818825+00:00
O-20251116-023855-001-000-2,BACKTESTER-001,TestSingleMakerStrategy-000,SOLUSDT-LINEAR.BYBIT,BYBIT-1-002,SOLUSDT-LINEAR.BYBIT-TestSingleMakerStrategy-000,BYBIT-001,BYBIT-1-001,LIMIT,SELL,1.0,140.360,GTC,,1.0,MAKER,140.36,0.0,['0.14036000 USDT'],FILLED,False,False,False,,NO_TRIGGER,,NO_CONTINGENCY,,,,,,,,b3543bd7-8368-4133-a112-f56e6516ef6c,2025-11-16 02:38:55.058231+00:00,2025-11-16 02:44:37.517944+00:00
O-20251116-024437-001-000-3,BACKTESTER-001,TestSingleMakerStrategy-000,SOLUSDT-LINEAR.BYBIT,BYBIT-1-003,SOLUSDT-LINEAR.BYBIT-TestSingleMakerStrategy-000,BYBIT-001,BYBIT-1-002,LIMIT,SELL,1.0,140.350,GTC,,1.0,TAKER,140.36,-0.010000000000019327,['0.14036000 USDT'],FILLED,False,False,False,,NO_TRIGGER,,NO_CONTINGENCY,,,,,,,,ed047a90-a233-45e9-8ceb-43f4b01ebdd3,2025-11-16 02:44:37.517944+00:00,2025-11-16 02:44:37.617916+00:00
O-20251116-024437-001-000-4,BACKTESTER-001,TestSingleMakerStrategy-000,SOLUSDT-LINEAR.BYBIT,BYBIT-1-004,SOLUSDT-LINEAR.BYBIT-TestSingleMakerStrategy-000,BYBIT-001,BYBIT-1-003,LIMIT,SELL,1.0,140.350,GTC,,1.0,TAKER,140.37,-0.020000000000010232,['0.14037000 USDT'],FILLED,False,False,False,,NO_TRIGGER,,NO_CONTINGENCY,,,,,,,,98355d53-419c-4c6a-b1f9-1140f44d8ade,2025-11-16 02:44:37.717517+00:00,2025-11-16 02:44:37.819680+00:00
O-20251116-024437-001-000-5,BACKTESTER-001,TestSingleMakerStrategy-000,SOLUSDT-LINEAR.BYBIT,BYBIT-1-005,SOLUSDT-LINEAR.BYBIT-TestSingleMakerStrategy-000,BYBIT-001,BYBIT-1-004,LIMIT,SELL,1.0,140.350,GTC,,1.0,TAKER,140.37,-0.020000000000010232,['0.14037000 USDT'],FILLED,False,False,False,,NO_TRIGGER,,NO_CONTINGENCY,,,,,,,,8e209de9-898f-4216-87ee-5c80d5d524af,2025-11-16 02:44:37.917570+00:00,2025-11-16 02:44:38.017786+00:00
O-20251116-024438-001-000-6,BACKTESTER-001,TestSingleMakerStrategy-000,SOLUSDT-LINEAR.BYBIT,BYBIT-1-006,SOLUSDT-LINEAR.BYBIT-TestSingleMakerStrategy-000,BYBIT-001,BYBIT-1-005,LIMIT,SELL,1.0,140.350,GTC,,1.0,TAKER,140.37,-0.020000000000010232,['0.14037000 USDT'],FILLED,False,False,False,,NO_TRIGGER,,NO_CONTINGENCY,,,,,,,,0b62a390-61ba-45cd-9075-869d1b65a867,2025-11-16 02:44:38.118392+00:00,2025-11-16 02:44:38.217597+00:00
O-20251116-024633-001-000-7,BACKTESTER-001,TestSingleMakerStrategy-000,SOLUSDT-LINEAR.BYBIT,BYBIT-1-007,SOLUSDT-LINEAR.BYBIT-TestSingleMakerStrategy-000,BYBIT-001,BYBIT-1-007,LIMIT,BUY,1.0,140.110,GTC,,1.0,TAKER,140.07,-0.040000000000020464,['0.14007000 USDT'],FILLED,False,False,False,,NO_TRIGGER,,NO_CONTINGENCY,,,,,,,,b705c36e-be5e-4646-86b6-eb49f5a8fc3c,2025-11-16 02:46:33.818825+00:00,2025-11-16 02:46:33.918989+00:00
O-20251116-024633-001-000-8,BACKTESTER-001,TestSingleMakerStrategy-000,SOLUSDT-LINEAR.BYBIT,BYBIT-1-008,SOLUSDT-LINEAR.BYBIT-TestSingleMakerStrategy-000,BYBIT-001,BYBIT-1-016,LIMIT,SELL,1.0,140.390,GTC,,1.0,MAKER,140.39,0.0,['0.14039000 USDT'],FILLED,False,False,False,,NO_TRIGGER,,NO_CONTINGENCY,,,,,,,,a80e9d44-46d9-45b1-9240-515429e5a81d,2025-11-16 02:46:33.818825+00:00,2025-11-16 02:47:43.919670+00:00
O-20251116-024634-001-000-10,BACKTESTER-001,TestSingleMakerStrategy-000,SOLUSDT-LINEAR.BYBIT,BYBIT-1-010,SOLUSDT-LINEAR.BYBIT-TestSingleMakerStrategy-000,BYBIT-001,BYBIT-1-009,LIMIT,BUY,1.0,140.110,GTC,,1.0,TAKER,140.07,-0.040000000000020464,['0.14007000 USDT'],FILLED,False,False,False,,NO_TRIGGER,,NO_CONTINGENCY,,,,,,,,e87d417d-4577-472e-9096-cd49d661fd69,2025-11-16 02:46:34.220815+00:00,2025-11-16 02:46:34.319529+00:00
O-20251116-024634-001-000-11,BACKTESTER-001,TestSingleMakerStrategy-000,SOLUSDT-LINEAR.BYBIT,BYBIT-1-011,SOLUSDT-LINEAR.BYBIT-TestSingleMakerStrategy-000,BYBIT-001,BYBIT-1-010,LIMIT,BUY,1.0,140.110,GTC,,1.0,TAKER,140.08,-0.030000000000001137,['0.14008000 USDT'],FILLED,False,False,False,,NO_TRIGGER,,NO_CONTINGENCY,,,,,,,,87c7ef7b-9962-43a7-ac32-b5b02074fd1a,2025-11-16 02:46:34.518886+00:00,2025-11-16 02:46:34.718963+00:00
O-20251116-024634-001-000-12,BACKTESTER-001,TestSingleMakerStrategy-000,SOLUSDT-LINEAR.BYBIT,BYBIT-1-012,SOLUSDT-LINEAR.BYBIT-TestSingleMakerStrategy-000,BYBIT-001,BYBIT-1-011,LIMIT,BUY,1.0,140.110,GTC,,1.0,TAKER,140.08,-0.030000000000001137,['0.14008000 USDT'],FILLED,False,False,False,,NO_TRIGGER,,NO_CONTINGENCY,,,,,,,,1fa5cb04-6c34-4f34-b6be-e59650d7912f,2025-11-16 02:46:34.819354+00:00,2025-11-16 02:46:35.018499+00:00
O-20251116-024634-001-000-9,BACKTESTER-001,TestSingleMakerStrategy-000,SOLUSDT-LINEAR.BYBIT,BYBIT-1-009,SOLUSDT-LINEAR.BYBIT-TestSingleMakerStrategy-000,BYBIT-001,BYBIT-1-008,LIMIT,BUY,1.0,140.110,GTC,,1.0,TAKER,140.07,-0.040000000000020464,['0.14007000 USDT'],FILLED,False,False,False,,NO_TRIGGER,,NO_CONTINGENCY,,,,,,,,c9f936e8-c3bd-4186-853a-3a95d246ec8c,2025-11-16 02:46:34.018511+00:00,2025-11-16 02:46:34.118703+00:00
O-20251116-024635-001-000-13,BACKTESTER-001,TestSingleMakerStrategy-000,SOLUSDT-LINEAR.BYBIT,BYBIT-1-013,SOLUSDT-LINEAR.BYBIT-TestSingleMakerStrategy-000,BYBIT-001,BYBIT-1-012,LIMIT,BUY,1.0,140.110,GTC,,1.0,TAKER,140.08,-0.030000000000001137,['0.14008000 USDT'],FILLED,False,False,False,,NO_TRIGGER,,NO_CONTINGENCY,,,,,,,,96e7a4d3-a0bd-4ba0-bf46-3c4417de6a22,2025-11-16 02:46:35.119457+00:00,2025-11-16 02:46:35.219192+00:00
O-20251116-024635-001-000-14,BACKTESTER-001,TestSingleMakerStrategy-000,SOLUSDT-LINEAR.BYBIT,BYBIT-1-014,SOLUSDT-LINEAR.BYBIT-TestSingleMakerStrategy-000,BYBIT-001,BYBIT-1-013,LIMIT,BUY,1.0,140.110,GTC,,1.0,TAKER,140.08,-0.030000000000001137,['0.14008000 USDT'],FILLED,False,False,False,,NO_TRIGGER,,NO_CONTINGENCY,,,,,,,,29f4edd7-7f2f-4d3e-91a8-f48b34b7e882,2025-11-16 02:46:35.323521+00:00,2025-11-16 02:46:35.418809+00:00
O-20251116-024635-001-000-15,BACKTESTER-001,TestSingleMakerStrategy-000,SOLUSDT-LINEAR.BYBIT,BYBIT-1-015,SOLUSDT-LINEAR.BYBIT-TestSingleMakerStrategy-000,BYBIT-001,BYBIT-1-014,LIMIT,BUY,1.0,140.110,GTC,,1.0,TAKER,140.08,-0.030000000000001137,['0.14008000 USDT'],FILLED,False,False,False,,NO_TRIGGER,,NO_CONTINGENCY,,,,,,,,e81eb172-4dc6-4e29-887f-5d1e912dc962,2025-11-16 02:46:35.618837+00:00,2025-11-16 02:46:35.719124+00:00
O-20251116-024635-001-000-16,BACKTESTER-001,TestSingleMakerStrategy-000,SOLUSDT-LINEAR.BYBIT,BYBIT-1-016,SOLUSDT-LINEAR.BYBIT-TestSingleMakerStrategy-000,BYBIT-001,BYBIT-1-015,LIMIT,BUY,1.0,140.110,GTC,,1.0,TAKER,140.08,-0.030000000000001137,['0.14008000 USDT'],FILLED,False,False,False,,NO_TRIGGER,,NO_CONTINGENCY,,,,,,,,e9c2f023-3ed3-487e-b28b-89cd32132613,2025-11-16 02:46:35.818925+00:00,2025-11-16 02:46:35.920006+00:00
O-20251116-024743-001-000-18,BACKTESTER-001,TestSingleMakerStrategy-000,SOLUSDT-LINEAR.BYBIT,BYBIT-1-018,SOLUSDT-LINEAR.BYBIT-TestSingleMakerStrategy-000,BYBIT-001,BYBIT-1-017,LIMIT,SELL,1.0,140.390,GTC,,1.0,TAKER,140.4,-0.010000000000019327,['0.14040000 USDT'],FILLED,False,False,False,,NO_TRIGGER,,NO_CONTINGENCY,,,,,,,,5aed2d02-3a44-42f6-9349-7aeef2bacf15,2025-11-16 02:47:43.919670+00:00,2025-11-16 02:47:44.019684+00:00
O-20251116-024744-001-000-19,BACKTESTER-001,TestSingleMakerStrategy-000,SOLUSDT-LINEAR.BYBIT,BYBIT-1-019,SOLUSDT-LINEAR.BYBIT-TestSingleMakerStrategy-000,BYBIT-001,BYBIT-1-018,LIMIT,SELL,1.0,140.390,GTC,,1.0,TAKER,140.4,-0.010000000000019327,['0.14040000 USDT'],FILLED,False,False,False,,NO_TRIGGER,,NO_CONTINGENCY,,,,,,,,1d13f9e9-144b-43d2-839e-0e90ff010404,2025-11-16 02:47:44.120513+00:00,2025-11-16 02:47:44.220400+00:00
O-20251116-024744-001-000-20,BACKTESTER-001,TestSingleMakerStrategy-000,SOLUSDT-LINEAR.BYBIT,BYBIT-1-020,SOLUSDT-LINEAR.BYBIT-TestSingleMakerStrategy-000,BYBIT-001,BYBIT-1-019,LIMIT,SELL,1.0,140.390,GTC,,1.0,TAKER,140.4,-0.010000000000019327,['0.14040000 USDT'],FILLED,False,False,False,,NO_TRIGGER,,NO_CONTINGENCY,,,,,,,,ec07c18b-5b0f-46a1-a616-a41fc436970f,2025-11-16 02:47:44.419764+00:00,2025-11-16 02:47:44.520405+00:00
O-20251116-024744-001-000-21,BACKTESTER-001,TestSingleMakerStrategy-000,SOLUSDT-LINEAR.BYBIT,BYBIT-1-021,SOLUSDT-LINEAR.BYBIT-TestSingleMakerStrategy-000,BYBIT-001,BYBIT-1-020,LIMIT,SELL,1.0,140.390,GTC,,1.0,TAKER,140.4,-0.010000000000019327,['0.14040000 USDT'],FILLED,False,False,False,,NO_TRIGGER,,NO_CONTINGENCY,,,,,,,,8ad324b8-2142-4cc2-a3a8-f7f543d684f6,2025-11-16 02:47:44.619560+00:00,2025-11-16 02:47:44.719530+00:00
O-20251116-024744-001-000-22,BACKTESTER-001,TestSingleMakerStrategy-000,SOLUSDT-LINEAR.BYBIT,BYBIT-1-022,SOLUSDT-LINEAR.BYBIT-TestSingleMakerStrategy-000,BYBIT-001,BYBIT-1-021,LIMIT,SELL,1.0,140.390,GTC,,1.0,TAKER,140.4,-0.010000000000019327,['0.14040000 USDT'],FILLED,False,False,False,,NO_TRIGGER,,NO_CONTINGENCY,,,,,,,,02c82ef4-f959-4c08-a87b-649a4e039035,2025-11-16 02:47:44.819644+00:00,2025-11-16 02:47:44.919418+00:00
O-20251116-024745-001-000-23,BACKTESTER-001,TestSingleMakerStrategy-000,SOLUSDT-LINEAR.BYBIT,BYBIT-1-023,SOLUSDT-LINEAR.BYBIT-TestSingleMakerStrategy-000,BYBIT-001,BYBIT-1-022,LIMIT,SELL,1.0,140.390,GTC,,1.0,TAKER,140.4,-0.010000000000019327,['0.14040000 USDT'],FILLED,False,False,False,,NO_TRIGGER,,NO_CONTINGENCY,,,,,,,,a750575a-9a22-4fdb-828a-1f41b0b0d759,2025-11-16 02:47:45.019747+00:00,2025-11-16 02:47:45.121643+00:00
O-20251116-024745-001-000-24,BACKTESTER-001,TestSingleMakerStrategy-000,SOLUSDT-LINEAR.BYBIT,BYBIT-1-024,SOLUSDT-LINEAR.BYBIT-TestSingleMakerStrategy-000,BYBIT-001,BYBIT-1-023,LIMIT,SELL,1.0,140.390,GTC,,1.0,TAKER,140.4,-0.010000000000019327,['0.14040000 USDT'],FILLED,False,False,False,,NO_TRIGGER,,NO_CONTINGENCY,,,,,,,,18cd3389-69fc-4470-b633-a5e0de1ba0c6,2025-11-16 02:47:45.220474+00:00,2025-11-16 02:47:45.319700+00:00
O-20251116-024745-001-000-25,BACKTESTER-001,TestSingleMakerStrategy-000,SOLUSDT-LINEAR.BYBIT,BYBIT-1-025,SOLUSDT-LINEAR.BYBIT-TestSingleMakerStrategy-000,BYBIT-001,BYBIT-1-024,LIMIT,SELL,1.0,140.390,GTC,,1.0,TAKER,140.4,-0.010000000000019327,['0.14040000 USDT'],FILLED,False,False,False,,NO_TRIGGER,,NO_CONTINGENCY,,,,,,,,6c08d9ee-5516-4b92-a1fe-231e351f62b5,2025-11-16 02:47:45.420477+00:00,2025-11-16 02:47:45.519273+00:00
O-20251116-024745-001-000-26,BACKTESTER-001,TestSingleMakerStrategy-000,SOLUSDT-LINEAR.BYBIT,BYBIT-1-026,SOLUSDT-LINEAR.BYBIT-TestSingleMakerStrategy-000,BYBIT-001,BYBIT-1-025,LIMIT,SELL,1.0,140.390,GTC,,1.0,TAKER,140.4,-0.010000000000019327,['0.14040000 USDT'],FILLED,False,False,False,,NO_TRIGGER,,NO_CONTINGENCY,,,,,,,,fe41ed37-7752-4f5b-b8ea-d11aef27ad9d,2025-11-16 02:47:45.620167+00:00,2025-11-16 02:47:45.719755+00:00
O-20251116-025820-001-000-27,BACKTESTER-001,TestSingleMakerStrategy-000,SOLUSDT-LINEAR.BYBIT,BYBIT-1-027,SOLUSDT-LINEAR.BYBIT-TestSingleMakerStrategy-000,BYBIT-001,BYBIT-1-026,LIMIT,BUY,1.0,140.320,GTC,,1.0,MAKER,140.32,0.0,['0.14032000 USDT'],FILLED,False,False,False,,NO_TRIGGER,,NO_CONTINGENCY,,,,,,,,62465b21-3ea5-4b02-98d4-2bd62d15b8c4,2025-11-16 02:58:20.295756+00:00,2025-11-16 03:13:08.101349+00:00
O-20251116-031308-001-000-28,BACKTESTER-001,TestSingleMakerStrategy-000,SOLUSDT-LINEAR.BYBIT,BYBIT-1-028,SOLUSDT-LINEAR.BYBIT-TestSingleMakerStrategy-000,BYBIT-001,BYBIT-1-027,LIMIT,BUY,1.0,140.270,GTC,,1.0,MAKER,140.27,0.0,['0.14027000 USDT'],FILLED,False,False,False,,NO_TRIGGER,,NO_CONTINGENCY,,,,,,,,50b65146-3ae7-49c2-ac2e-422473697ef6,2025-11-16 03:13:08.101349+00:00,2025-11-16 03:13:36.699884+00:00
O-20251116-031308-001-000-29,BACKTESTER-001,TestSingleMakerStrategy-000,SOLUSDT-LINEAR.BYBIT,BYBIT-1-029,SOLUSDT-LINEAR.BYBIT-TestSingleMakerStrategy-000,BYBIT-001,BYBIT-1-036,LIMIT,SELL,1.0,140.550,GTC,,1.0,MAKER,140.55,0.0,['0.14055000 USDT'],FILLED,False,False,False,,NO_TRIGGER,,NO_CONTINGENCY,,,,,,,,3402b1b8-2182-478e-ba7c-fb8286599eea,2025-11-16 03:13:08.101349+00:00,2025-11-16 03:16:43.600096+00:00
O-20251116-031336-001-000-30,BACKTESTER-001,TestSingleMakerStrategy-000,SOLUSDT-LINEAR.BYBIT,BYBIT-1-030,SOLUSDT-LINEAR.BYBIT-TestSingleMakerStrategy-000,BYBIT-001,BYBIT-1-028,LIMIT,BUY,1.0,140.260,GTC,,1.0,TAKER,140.25,-0.009999999999990905,['0.14025000 USDT'],FILLED,False,False,False,,NO_TRIGGER,,NO_CONTINGENCY,,,,,,,,15bdf10d-83be-44cf-88ed-d8742d77dab4,2025-11-16 03:13:36.699884+00:00,2025-11-16 03:13:36.800052+00:00
O-20251116-031336-001-000-31,BACKTESTER-001,TestSingleMakerStrategy-000,SOLUSDT-LINEAR.BYBIT,BYBIT-1-031,SOLUSDT-LINEAR.BYBIT-TestSingleMakerStrategy-000,BYBIT-001,BYBIT-1-029,LIMIT,BUY,1.0,140.260,GTC,,1.0,TAKER,140.25,-0.009999999999990905,['0.14025000 USDT'],FILLED,False,False,False,,NO_TRIGGER,,NO_CONTINGENCY,,,,,,,,65a4161b-48de-4ca1-b66d-0beffb00bf4d,2025-11-16 03:13:36.900022+00:00,2025-11-16 03:13:36.999895+00:00
O-20251116-031337-001-000-32,BACKTESTER-001,TestSingleMakerStrategy-000,SOLUSDT-LINEAR.BYBIT,BYBIT-1-032,SOLUSDT-LINEAR.BYBIT-TestSingleMakerStrategy-000,BYBIT-001,BYBIT-1-030,LIMIT,BUY,1.0,140.260,GTC,,1.0,TAKER,140.25,-0.009999999999990905,['0.14025000 USDT'],FILLED,False,False,False,,NO_TRIGGER,,NO_CONTINGENCY,,,,,,,,570a6dc7-f192-4cf1-b899-a8fe3bb51dd6,2025-11-16 03:13:37.099459+00:00,2025-11-16 03:13:37.199940+00:00
O-20251116-031337-001-000-33,BACKTESTER-001,TestSingleMakerStrategy-000,SOLUSDT-LINEAR.BYBIT,BYBIT-1-033,SOLUSDT-LINEAR.BYBIT-TestSingleMakerStrategy-000,BYBIT-001,BYBIT-1-031,LIMIT,BUY,1.0,140.250,GTC,,1.0,TAKER,140.25,0.0,['0.14025000 USDT'],FILLED,False,False,False,,NO_TRIGGER,,NO_CONTINGENCY,,,,,,,,bc121cf9-a069-4f21-82b6-cf2c948fb317,2025-11-16 03:13:37.299868+00:00,2025-11-16 03:13:37.499136+00:00
O-20251116-031337-001-000-34,BACKTESTER-001,TestSingleMakerStrategy-000,SOLUSDT-LINEAR.BYBIT,BYBIT-1-034,SOLUSDT-LINEAR.BYBIT-TestSingleMakerStrategy-000,BYBIT-001,BYBIT-1-032,LIMIT,BUY,1.0,140.250,GTC,,1.0,TAKER,140.25,0.0,['0.14025000 USDT'],FILLED,False,False,False,,NO_TRIGGER,,NO_CONTINGENCY,,,,,,,,b76be549-65e7-41f6-96a8-fcb8724f6cf5,2025-11-16 03:13:37.699274+00:00,2025-11-16 03:13:37.799662+00:00
O-20251116-031338-001-000-35,BACKTESTER-001,TestSingleMakerStrategy-000,SOLUSDT-LINEAR.BYBIT,BYBIT-1-035,SOLUSDT-LINEAR.BYBIT-TestSingleMakerStrategy-000,BYBIT-001,BYBIT-1-033,LIMIT,BUY,1.0,140.250,GTC,,1.0,TAKER,140.25,0.0,['0.14025000 USDT'],FILLED,False,False,False,,NO_TRIGGER,,NO_CONTINGENCY,,,,,,,,1dfa1247-9142-469c-91a0-8e9866b42750,2025-11-16 03:13:38.099469+00:00,2025-11-16 03:13:38.399438+00:00
O-20251116-031338-001-000-36,BACKTESTER-001,TestSingleMakerStrategy-000,SOLUSDT-LINEAR.BYBIT,BYBIT-1-036,SOLUSDT-LINEAR.BYBIT-TestSingleMakerStrategy-000,BYBIT-001,BYBIT-1-034,LIMIT,BUY,1.0,140.250,GTC,,1.0,TAKER,140.25,0.0,['0.14025000 USDT'],FILLED,False,False,False,,NO_TRIGGER,,NO_CONTINGENCY,,,,,,,,39d335a4-b56c-4e1f-aebc-a6513c00bb56,2025-11-16 03:13:38.501712+00:00,2025-11-16 03:13:38.799878+00:00
O-20251116-031338-001-000-37,BACKTESTER-001,TestSingleMakerStrategy-000,SOLUSDT-LINEAR.BYBIT,BYBIT-1-037,SOLUSDT-LINEAR.BYBIT-TestSingleMakerStrategy-000,BYBIT-001,BYBIT-1-035,LIMIT,BUY,1.0,140.250,GTC,,1.0,TAKER,140.25,0.0,['0.14025000 USDT'],FILLED,False,False,False,,NO_TRIGGER,,NO_CONTINGENCY,,,,,,,,89288e7c-5e8e-44af-a26f-06d8cbebf0ef,2025-11-16 03:13:38.899896+00:00,2025-11-16 03:13:38.999577+00:00
O-20251116-031643-001-000-39,BACKTESTER-001,TestSingleMakerStrategy-000,SOLUSDT-LINEAR.BYBIT,BYBIT-1-039,SOLUSDT-LINEAR.BYBIT-TestSingleMakerStrategy-000,BYBIT-001,BYBIT-1-037,LIMIT,SELL,1.0,140.520,GTC,,1.0,TAKER,140.56,-0.03999999999999204,['0.14056000 USDT'],FILLED,False,False,False,,NO_TRIGGER,,NO_CONTINGENCY,,,,,,,,ccfacf9c-8f83-456f-bc65-dc5260f947ad,2025-11-16 03:16:43.600096+00:00,2025-11-16 03:16:43.700628+00:00
O-20251116-031643-001-000-40,BACKTESTER-001,TestSingleMakerStrategy-000,SOLUSDT-LINEAR.BYBIT,BYBIT-1-040,SOLUSDT-LINEAR.BYBIT-TestSingleMakerStrategy-000,BYBIT-001,BYBIT-1-038,LIMIT,SELL,1.0,140.520,GTC,,1.0,TAKER,140.56,-0.03999999999999204,['0.14056000 USDT'],FILLED,False,False,False,,NO_TRIGGER,,NO_CONTINGENCY,,,,,,,,f00753b6-d851-4bda-a46f-f8483689229e,2025-11-16 03:16:43.800202+00:00,2025-11-16 03:16:44.102050+00:00
O-20251116-031644-001-000-41,BACKTESTER-001,TestSingleMakerStrategy-000,SOLUSDT-LINEAR.BYBIT,BYBIT-1-041,SOLUSDT-LINEAR.BYBIT-TestSingleMakerStrategy-000,BYBIT-001,BYBIT-1-039,LIMIT,SELL,1.0,140.520,GTC,,1.0,TAKER,140.56,-0.03999999999999204,['0.14056000 USDT'],FILLED,False,False,False,,NO_TRIGGER,,NO_CONTINGENCY,,,,,,,,02a15342-b2e4-4c8f-8786-985e51fcc0d4,2025-11-16 03:16:44.202844+00:00,2025-11-16 03:16:44.300773+00:00
O-20251116-031644-001-000-42,BACKTESTER-001,TestSingleMakerStrategy-000,SOLUSDT-LINEAR.BYBIT,BYBIT-1-042,SOLUSDT-LINEAR.BYBIT-TestSingleMakerStrategy-000,BYBIT-001,BYBIT-1-040,LIMIT,SELL,1.0,140.520,GTC,,1.0,TAKER,140.56,-0.03999999999999204,['0.14056000 USDT'],FILLED,False,False,False,,NO_TRIGGER,,NO_CONTINGENCY,,,,,,,,e9168606-ec8f-4811-a7d2-8908aecc4463,2025-11-16 03:16:44.400680+00:00,2025-11-16 03:16:44.500797+00:00
O-20251116-031644-001-000-43,BACKTESTER-001,TestSingleMakerStrategy-000,SOLUSDT-LINEAR.BYBIT,BYBIT-1-043,SOLUSDT-LINEAR.BYBIT-TestSingleMakerStrategy-000,BYBIT-001,BYBIT-1-041,LIMIT,SELL,1.0,140.520,GTC,,1.0,TAKER,140.56,-0.03999999999999204,['0.14056000 USDT'],FILLED,False,False,False,,NO_TRIGGER,,NO_CONTINGENCY,,,,,,,,5b9400dd-e570-4027-a057-c3e0154d5e3c,2025-11-16 03:16:44.600657+00:00,2025-11-16 03:16:44.700833+00:00
O-20251116-031644-001-000-44,BACKTESTER-001,TestSingleMakerStrategy-000,SOLUSDT-LINEAR.BYBIT,BYBIT-1-044,SOLUSDT-LINEAR.BYBIT-TestSingleMakerStrategy-000,BYBIT-001,BYBIT-1-042,LIMIT,SELL,1.0,140.520,GTC,,1.0,TAKER,140.56,-0.03999999999999204,['0.14056000 USDT'],FILLED,False,False,False,,NO_TRIGGER,,NO_CONTINGENCY,,,,,,,,0686fc20-8aeb-46f2-ae00-d0b24a7356fa,2025-11-16 03:16:44.902579+00:00,2025-11-16 03:16:45.001013+00:00
O-20251116-031645-001-000-45,BACKTESTER-001,TestSingleMakerStrategy-000,SOLUSDT-LINEAR.BYBIT,BYBIT-1-045,SOLUSDT-LINEAR.BYBIT-TestSingleMakerStrategy-000,BYBIT-001,BYBIT-1-043,LIMIT,SELL,1.0,140.520,GTC,,1.0,TAKER,140.56,-0.03999999999999204,['0.14056000 USDT'],FILLED,False,False,False,,NO_TRIGGER,,NO_CONTINGENCY,,,,,,,,643214ab-0a41-4318-ac13-d2bdf19cb575,2025-11-16 03:16:45.100945+00:00,2025-11-16 03:16:45.401077+00:00
O-20251116-031645-001-000-46,BACKTESTER-001,TestSingleMakerStrategy-000,SOLUSDT-LINEAR.BYBIT,BYBIT-1-046,SOLUSDT-LINEAR.BYBIT-TestSingleMakerStrategy-000,BYBIT-001,BYBIT-1-044,LIMIT,SELL,1.0,140.520,GTC,,1.0,TAKER,140.56,-0.03999999999999204,['0.14056000 USDT'],FILLED,False,False,False,,NO_TRIGGER,,NO_CONTINGENCY,,,,,,,,60170035-f4d1-40aa-ab64-83516b00b542,2025-11-16 03:16:45.601025+00:00,2025-11-16 03:16:45.703069+00:00
O-20251116-031645-001-000-47,BACKTESTER-001,TestSingleMakerStrategy-000,SOLUSDT-LINEAR.BYBIT,BYBIT-1-047,SOLUSDT-LINEAR.BYBIT-TestSingleMakerStrategy-000,BYBIT-001,BYBIT-1-045,LIMIT,SELL,1.0,140.520,GTC,,1.0,TAKER,140.56,-0.03999999999999204,['0.14056000 USDT'],FILLED,False,False,False,,NO_TRIGGER,,NO_CONTINGENCY,,,,,,,,4b3ab5f7-123b-4abe-9d69-f9ddd137fc25,2025-11-16 03:16:45.800220+00:00,2025-11-16 03:16:45.902211+00:00
O-20251116-032227-001-000-50,BACKTESTER-001,TestSingleMakerStrategy-000,SOLUSDT-LINEAR.BYBIT,BYBIT-1-050,SOLUSDT-LINEAR.BYBIT-TestSingleMakerStrategy-000,BYBIT-001,BYBIT-1-046,LIMIT,BUY,1.0,140.870,GTC,,1.0,MAKER,140.87,0.0,['0.14087000 USDT'],FILLED,False,False,False,,NO_TRIGGER,,NO_CONTINGENCY,,,,,,,,62527971-b55e-4727-83f2-1ea6f1a1d349,2025-11-16 03:22:27.002409+00:00,2025-11-16 03:35:49.257602+00:00
O-20251116-033549-001-000-51,BACKTESTER-001,TestSingleMakerStrategy-000,SOLUSDT-LINEAR.BYBIT,BYBIT-1-051,SOLUSDT-LINEAR.BYBIT-TestSingleMakerStrategy-000,BYBIT-001,BYBIT-1-048,LIMIT,BUY,1.0,140.950,GTC,,1.0,TAKER,140.875,-0.07499999999998863,['0.14087500 USDT'],FILLED,False,False,False,,NO_TRIGGER,,NO_CONTINGENCY,,,,,,,,ff8d3afc-0a77-4e94-afc2-283bdbe673bf,2025-11-16 03:35:49.257602+00:00,2025-11-16 03:35:49.357792+00:00
O-20251116-033549-001-000-52,BACKTESTER-001,TestSingleMakerStrategy-000,SOLUSDT-LINEAR.BYBIT,BYBIT-1-052,SOLUSDT-LINEAR.BYBIT-TestSingleMakerStrategy-000,BYBIT-001,BYBIT-1-058,LIMIT,SELL,1.0,141.230,GTC,,1.0,MAKER,141.23,0.0,['0.14123000 USDT'],FILLED,False,False,False,,NO_TRIGGER,,NO_CONTINGENCY,,,,,,,,516a6932-cc6a-4497-b848-a03219d52eec,2025-11-16 03:35:49.257602+00:00,2025-11-16 03:49:49.154412+00:00
O-20251116-033549-001-000-53,BACKTESTER-001,TestSingleMakerStrategy-000,SOLUSDT-LINEAR.BYBIT,BYBIT-1-053,SOLUSDT-LINEAR.BYBIT-TestSingleMakerStrategy-000,BYBIT-001,BYBIT-1-050,LIMIT,BUY,1.0,140.950,GTC,,1.0,TAKER,140.875,-0.07499999999998863,['0.14087500 USDT'],FILLED,False,False,False,,NO_TRIGGER,,NO_CONTINGENCY,,,,,,,,fcccbdff-624b-47c4-b958-f7a8f9cf4552,2025-11-16 03:35:49.458332+00:00,2025-11-16 03:35:49.560930+00:00
O-20251116-033549-001-000-54,BACKTESTER-001,TestSingleMakerStrategy-000,SOLUSDT-LINEAR.BYBIT,BYBIT-1-054,SOLUSDT-LINEAR.BYBIT-TestSingleMakerStrategy-000,BYBIT-001,BYBIT-1-051,LIMIT,BUY,1.0,140.950,GTC,,1.0,TAKER,140.88,-0.06999999999999318,['0.14088000 USDT'],FILLED,False,False,False,,NO_TRIGGER,,NO_CONTINGENCY,,,,,,,,a81cb823-cfed-4630-bb3e-b0f6c7457dc6,2025-11-16 03:35:49.658520+00:00,2025-11-16 03:35:49.758464+00:00
O-20251116-033549-001-000-55,BACKTESTER-001,TestSingleMakerStrategy-000,SOLUSDT-LINEAR.BYBIT,BYBIT-1-055,SOLUSDT-LINEAR.BYBIT-TestSingleMakerStrategy-000,BYBIT-001,BYBIT-1-052,LIMIT,BUY,1.0,140.950,GTC,,1.0,TAKER,140.88,-0.06999999999999318,['0.14088000 USDT'],FILLED,False,False,False,,NO_TRIGGER,,NO_CONTINGENCY,,,,,,,,5e91482c-6bdc-41b3-854b-45ae3dce2c5c,2025-11-16 03:35:49.858373+00:00,2025-11-16 03:35:49.958131+00:00
O-20251116-033550-001-000-56,BACKTESTER-001,TestSingleMakerStrategy-000,SOLUSDT-LINEAR.BYBIT,BYBIT-1-056,SOLUSDT-LINEAR.BYBIT-TestSingleMakerStrategy-000,BYBIT-001,BYBIT-1-053,LIMIT,BUY,1.0,140.950,GTC,,1.0,TAKER,140.88,-0.06999999999999318,['0.14088000 USDT'],FILLED,False,False,False,,NO_TRIGGER,,NO_CONTINGENCY,,,,,,,,8da5b50c-522a-4038-b88a-2db2feb346d8,2025-11-16 03:35:50.058591+00:00,2025-11-16 03:35:50.158099+00:00
O-20251116-033550-001-000-57,BACKTESTER-001,TestSingleMakerStrategy-000,SOLUSDT-LINEAR.BYBIT,BYBIT-1-057,SOLUSDT-LINEAR.BYBIT-TestSingleMakerStrategy-000,BYBIT-001,BYBIT-1-054,LIMIT,BUY,1.0,140.950,GTC,,1.0,TAKER,140.9,-0.04999999999998295,['0.14090000 USDT'],FILLED,False,False,False,,NO_TRIGGER,,NO_CONTINGENCY,,,,,,,,9a4e1d8b-ab78-40ce-9bf1-bc1482ee5c7a,2025-11-16 03:35:50.258694+00:00,2025-11-16 03:35:50.359003+00:00
O-20251116-033550-001-000-58,BACKTESTER-001,TestSingleMakerStrategy-000,SOLUSDT-LINEAR.BYBIT,BYBIT-1-058,SOLUSDT-LINEAR.BYBIT-TestSingleMakerStrategy-000,BYBIT-001,BYBIT-1-055,LIMIT,BUY,1.0,140.950,GTC,,1.0,TAKER,140.9,-0.04999999999998295,['0.14090000 USDT'],FILLED,False,False,False,,NO_TRIGGER,,NO_CONTINGENCY,,,,,,,,3f99c89b-3ec4-4707-ab97-49f2bffc15a5,2025-11-16 03:35:50.458845+00:00,2025-11-16 03:35:50.658369+00:00
O-20251116-033550-001-000-59,BACKTESTER-001,TestSingleMakerStrategy-000,SOLUSDT-LINEAR.BYBIT,BYBIT-1-059,SOLUSDT-LINEAR.BYBIT-TestSingleMakerStrategy-000,BYBIT-001,BYBIT-1-056,LIMIT,BUY,1.0,140.950,GTC,,1.0,TAKER,140.9,-0.04999999999998295,['0.14090000 USDT'],FILLED,False,False,False,,NO_TRIGGER,,NO_CONTINGENCY,,,,,,,,921e2f69-4dc4-4746-ac78-fc9c6ef47f02,2025-11-16 03:35:50.759189+00:00,2025-11-16 03:35:50.857957+00:00
O-20251116-033550-001-000-60,BACKTESTER-001,TestSingleMakerStrategy-000,SOLUSDT-LINEAR.BYBIT,BYBIT-1-060,SOLUSDT-LINEAR.BYBIT-TestSingleMakerStrategy-000,BYBIT-001,BYBIT-1-057,LIMIT,BUY,1.0,140.940,GTC,,1.0,TAKER,140.9,-0.03999999999999204,['0.14090000 USDT'],FILLED,False,False,False,,NO_TRIGGER,,NO_CONTINGENCY,,,,,,,,e8abb8c2-dcb0-4704-b941-492e2fd9f5c8,2025-11-16 03:35:50.958315+00:00,2025-11-16 03:35:51.058060+00:00
O-20251116-034949-001-000-61,BACKTESTER-001,TestSingleMakerStrategy-000,SOLUSDT-LINEAR.BYBIT,BYBIT-1-061,SOLUSDT-LINEAR.BYBIT-TestSingleMakerStrategy-000,BYBIT-001,BYBIT-1-068,LIMIT,BUY,1.0,140.960,GTC,,1.0,MAKER,140.96,0.0,['0.14096000 USDT'],FILLED,False,False,False,,NO_TRIGGER,,NO_CONTINGENCY,,,,,,,,83bbb326-875c-4377-b27c-5aea08e2c1d6,2025-11-16 03:49:49.154412+00:00,2025-11-16 03:53:12.053187+00:00
O-20251116-034949-001-000-62,BACKTESTER-001,TestSingleMakerStrategy-000,SOLUSDT-LINEAR.BYBIT,BYBIT-1-062,SOLUSDT-LINEAR.BYBIT-TestSingleMakerStrategy-000,BYBIT-001,BYBIT-1-059,LIMIT,SELL,1.0,141.240,GTC,,1.0,TAKER,141.25,-0.009999999999990905,['0.14125000 USDT'],FILLED,False,False,False,,NO_TRIGGER,,NO_CONTINGENCY,,,,,,,,0fa1578b-674b-4801-838c-c0dd776c7e17,2025-11-16 03:49:49.154412+00:00,2025-11-16 03:49:49.253858+00:00
O-20251116-034949-001-000-63,BACKTESTER-001,TestSingleMakerStrategy-000,SOLUSDT-LINEAR.BYBIT,BYBIT-1-063,SOLUSDT-LINEAR.BYBIT-TestSingleMakerStrategy-000,BYBIT-001,BYBIT-1-060,LIMIT,SELL,1.0,141.240,GTC,,1.0,TAKER,141.25,-0.009999999999990905,['0.14125000 USDT'],FILLED,False,False,False,,NO_TRIGGER,,NO_CONTINGENCY,,,,,,,,70a7039d-fbe7-4dd6-b6c3-3cd6a0f96755,2025-11-16 03:49:49.353746+00:00,2025-11-16 03:49:49.456210+00:00
O-20251116-034949-001-000-64,BACKTESTER-001,TestSingleMakerStrategy-000,SOLUSDT-LINEAR.BYBIT,BYBIT-1-064,SOLUSDT-LINEAR.BYBIT-TestSingleMakerStrategy-000,BYBIT-001,BYBIT-1-061,LIMIT,SELL,1.0,141.240,GTC,,1.0,TAKER,141.25,-0.009999999999990905,['0.14125000 USDT'],FILLED,False,False,False,,NO_TRIGGER,,NO_CONTINGENCY,,,,,,,,7650b0e2-27e8-440d-84d1-747b53d4dc62,2025-11-16 03:49:49.553723+00:00,2025-11-16 03:49:49.654798+00:00
O-20251116-034949-001-000-65,BACKTESTER-001,TestSingleMakerStrategy-000,SOLUSDT-LINEAR.BYBIT,BYBIT-1-065,SOLUSDT-LINEAR.BYBIT-TestSingleMakerStrategy-000,BYBIT-001,BYBIT-1-062,LIMIT,SELL,1.0,141.240,GTC,,1.0,TAKER,141.26,-0.01999999999998181,['0.14126000 USDT'],FILLED,False,False,False,,NO_TRIGGER,,NO_CONTINGENCY,,,,,,,,2cb07ed4-52cc-4db8-8f59-285281222fcd,2025-11-16 03:49:49.754668+00:00,2025-11-16 03:49:49.854256+00:00
O-20251116-034950-001-000-66,BACKTESTER-001,TestSingleMakerStrategy-000,SOLUSDT-LINEAR.BYBIT,BYBIT-1-066,SOLUSDT-LINEAR.BYBIT-TestSingleMakerStrategy-000,BYBIT-001,BYBIT-1-063,LIMIT,SELL,1.0,141.240,GTC,,1.0,TAKER,141.26,-0.01999999999998181,['0.14126000 USDT'],FILLED,False,False,False,,NO_TRIGGER,,NO_CONTINGENCY,,,,,,,,750234e3-7e13-4837-ab3a-61f7371e1826,2025-11-16 03:49:50.053662+00:00,2025-11-16 03:49:50.153866+00:00
O-20251116-034950-001-000-67,BACKTESTER-001,TestSingleMakerStrategy-000,SOLUSDT-LINEAR.BYBIT,BYBIT-1-067,SOLUSDT-LINEAR.BYBIT-TestSingleMakerStrategy-000,BYBIT-001,BYBIT-1-064,LIMIT,SELL,1.0,141.240,GTC,,1.0,TAKER,141.26,-0.01999999999998181,['0.14126000 USDT'],FILLED,False,False,False,,NO_TRIGGER,,NO_CONTINGENCY,,,,,,,,1b0bc7f7-0411-4350-a771-182835af84b0,2025-11-16 03:49:50.256384+00:00,2025-11-16 03:49:50.353454+00:00
O-20251116-034950-001-000-68,BACKTESTER-001,TestSingleMakerStrategy-000,SOLUSDT-LINEAR.BYBIT,BYBIT-1-068,SOLUSDT-LINEAR.BYBIT-TestSingleMakerStrategy-000,BYBIT-001,BYBIT-1-065,LIMIT,SELL,1.0,141.240,GTC,,1.0,TAKER,141.26,-0.01999999999998181,['0.14126000 USDT'],FILLED,False,False,False,,NO_TRIGGER,,NO_CONTINGENCY,,,,,,,,3fe18474-cff9-498e-a080-a9df54edded7,2025-11-16 03:49:50.456103+00:00,2025-11-16 03:49:50.554308+00:00
O-20251116-034950-001-000-69,BACKTESTER-001,TestSingleMakerStrategy-000,SOLUSDT-LINEAR.BYBIT,BYBIT-1-069,SOLUSDT-LINEAR.BYBIT-TestSingleMakerStrategy-000,BYBIT-001,BYBIT-1-066,LIMIT,SELL,1.0,141.240,GTC,,1.0,TAKER,141.26,-0.01999999999998181,['0.14126000 USDT'],FILLED,False,False,False,,NO_TRIGGER,,NO_CONTINGENCY,,,,,,,,a1b23b24-683b-4c95-af8b-b1c1e6613892,2025-11-16 03:49:50.654321+00:00,2025-11-16 03:49:50.853911+00:00
O-20251116-034951-001-000-70,BACKTESTER-001,TestSingleMakerStrategy-000,SOLUSDT-LINEAR.BYBIT,BYBIT-1-070,SOLUSDT-LINEAR.BYBIT-TestSingleMakerStrategy-000,BYBIT-001,BYBIT-1-067,LIMIT,SELL,1.0,141.240,GTC,,1.0,TAKER,141.26,-0.01999999999998181,['0.14126000 USDT'],FILLED,False,False,False,,NO_TRIGGER,,NO_CONTINGENCY,,,,,,,,057db5d7-6a68-42e8-b07a-e6185a8b1589,2025-11-16 03:49:51.453909+00:00,2025-11-16 03:49:51.553548+00:00
O-20251116-035312-001-000-71,BACKTESTER-001,TestSingleMakerStrategy-000,SOLUSDT-LINEAR.BYBIT,BYBIT-1-071,SOLUSDT-LINEAR.BYBIT-TestSingleMakerStrategy-000,BYBIT-001,BYBIT-1-069,LIMIT,BUY,1.0,141.060,GTC,,1.0,TAKER,140.96,-0.09999999999999432,['0.14096000 USDT'],FILLED,False,False,False,,NO_TRIGGER,,NO_CONTINGENCY,,,,,,,,ab62ab12-c48c-4675-b1bb-049b4ad45b1b,2025-11-16 03:53:12.053187+00:00,2025-11-16 03:53:12.153290+00:00
O-20251116-035312-001-000-72,BACKTESTER-001,TestSingleMakerStrategy-000,SOLUSDT-LINEAR.BYBIT,BYBIT-1-072,SOLUSDT-LINEAR.BYBIT-TestSingleMakerStrategy-000,BYBIT-001,BYBIT-1-078,LIMIT,SELL,1.0,141.340,GTC,,1.0,MAKER,141.34,0.0,['0.14134000 USDT'],FILLED,False,False,False,,NO_TRIGGER,,NO_CONTINGENCY,,,,,,,,9a6382fe-bc8c-4c4c-b909-deec793f58a6,2025-11-16 03:53:12.053187+00:00,2025-11-16 03:59:36.350719+00:00
O-20251116-035312-001-000-73,BACKTESTER-001,TestSingleMakerStrategy-000,SOLUSDT-LINEAR.BYBIT,BYBIT-1-073,SOLUSDT-LINEAR.BYBIT-TestSingleMakerStrategy-000,BYBIT-001,BYBIT-1-070,LIMIT,BUY,1.0,141.060,GTC,,1.0,TAKER,140.96,-0.09999999999999432,['0.14096000 USDT'],FILLED,False,False,False,,NO_TRIGGER,,NO_CONTINGENCY,,,,,,,,1ddf0459-4351-4119-abb7-17190694f504,2025-11-16 03:53:12.252719+00:00,2025-11-16 03:53:12.353589+00:00
O-20251116-035312-001-000-74,BACKTESTER-001,TestSingleMakerStrategy-000,SOLUSDT-LINEAR.BYBIT,BYBIT-1-074,SOLUSDT-LINEAR.BYBIT-TestSingleMakerStrategy-000,BYBIT-001,BYBIT-1-071,LIMIT,BUY,1.0,141.060,GTC,,1.0,TAKER,140.99,-0.06999999999999318,['0.14099000 USDT'],FILLED,False,False,False,,NO_TRIGGER,,NO_CONTINGENCY,,,,,,,,5bc449a8-25bf-4900-9eb6-74f558e185dc,2025-11-16 03:53:12.457780+00:00,2025-11-16 03:53:12.553383+00:00
O-20251116-035312-001-000-75,BACKTESTER-001,TestSingleMakerStrategy-000,SOLUSDT-LINEAR.BYBIT,BYBIT-1-075,SOLUSDT-LINEAR.BYBIT-TestSingleMakerStrategy-000,BYBIT-001,BYBIT-1-072,LIMIT,BUY,1.0,141.060,GTC,,1.0,TAKER,140.99,-0.06999999999999318,['0.14099000 USDT'],FILLED,False,False,False,,NO_TRIGGER,,NO_CONTINGENCY,,,,,,,,3a8150d1-97fb-4bf5-8560-052947d692ec,2025-11-16 03:53:12.652649+00:00,2025-11-16 03:53:12.754641+00:00
O-20251116-035312-001-000-76,BACKTESTER-001,TestSingleMakerStrategy-000,SOLUSDT-LINEAR.BYBIT,BYBIT-1-076,SOLUSDT-LINEAR.BYBIT-TestSingleMakerStrategy-000,BYBIT-001,BYBIT-1-073,LIMIT,BUY,1.0,141.060,GTC,,1.0,TAKER,140.99,-0.06999999999999318,['0.14099000 USDT'],FILLED,False,False,False,,NO_TRIGGER,,NO_CONTINGENCY,,,,,,,,e5191777-0ed9-494e-9ecf-eb2994676e0e,2025-11-16 03:53:12.854189+00:00,2025-11-16 03:53:12.953356+00:00
O-20251116-035313-001-000-77,BACKTESTER-001,TestSingleMakerStrategy-000,SOLUSDT-LINEAR.BYBIT,BYBIT-1-077,SOLUSDT-LINEAR.BYBIT-TestSingleMakerStrategy-000,BYBIT-001,BYBIT-1-074,LIMIT,BUY,1.0,141.060,GTC,,1.0,TAKER,140.96,-0.09999999999999432,['0.14096000 USDT'],FILLED,False,False,False,,NO_TRIGGER,,NO_CONTINGENCY,,,,,,,,97b1a06f-9f8a-48fa-b4aa-c50abc7cff8c,2025-11-16 03:53:13.153667+00:00,2025-11-16 03:53:13.253303+00:00
O-20251116-035313-001-000-78,BACKTESTER-001,TestSingleMakerStrategy-000,SOLUSDT-LINEAR.BYBIT,BYBIT-1-078,SOLUSDT-LINEAR.BYBIT-TestSingleMakerStrategy-000,BYBIT-001,BYBIT-1-075,LIMIT,BUY,1.0,141.060,GTC,,1.0,TAKER,140.95,-0.11000000000001364,['0.14095000 USDT'],FILLED,False,False,False,,NO_TRIGGER,,NO_CONTINGENCY,,,,,,,,9a3c5c91-9c2c-4545-b94f-5210ad632d29,2025-11-16 03:53:13.352913+00:00,2025-11-16 03:53:13.453159+00:00
O-20251116-035313-001-000-79,BACKTESTER-001,TestSingleMakerStrategy-000,SOLUSDT-LINEAR.BYBIT,BYBIT-1-079,SOLUSDT-LINEAR.BYBIT-TestSingleMakerStrategy-000,BYBIT-001,BYBIT-1-076,LIMIT,BUY,1.0,141.050,GTC,,1.0,TAKER,140.95,-0.10000000000002274,['0.14095000 USDT'],FILLED,False,False,False,,NO_TRIGGER,,NO_CONTINGENCY,,,,,,,,5bd33a46-eb22-4c47-9924-d8b8e1ed269f,2025-11-16 03:53:13.552457+00:00,2025-11-16 03:53:13.654121+00:00
O-20251116-035313-001-000-80,BACKTESTER-001,TestSingleMakerStrategy-000,SOLUSDT-LINEAR.BYBIT,BYBIT-1-080,SOLUSDT-LINEAR.BYBIT-TestSingleMakerStrategy-000,BYBIT-001,BYBIT-1-077,LIMIT,BUY,1.0,141.050,GTC,,1.0,TAKER,140.94,-0.11000000000001364,['0.14094000 USDT'],FILLED,False,False,False,,NO_TRIGGER,,NO_CONTINGENCY,,,,,,,,fe514b6f-f795-400c-a9be-e37891958d78,2025-11-16 03:53:13.752894+00:00,2025-11-16 03:53:13.852762+00:00
O-20251116-035936-001-000-81,BACKTESTER-001,TestSingleMakerStrategy-000,SOLUSDT-LINEAR.BYBIT,BYBIT-1-081,SOLUSDT-LINEAR.BYBIT-TestSingleMakerStrategy-000,BYBIT-001,BYBIT-1-088,LIMIT,BUY,1.0,141.030,GTC,,1.0,MAKER,141.03,0.0,['0.14103000 USDT'],FILLED,False,False,False,,NO_TRIGGER,,NO_CONTINGENCY,,,,,,,,40f3a051-1400-490e-9e56-c2f5d06e8ac2,2025-11-16 03:59:36.350719+00:00,2025-11-16 04:07:03.249229+00:00
O-20251116-035936-001-000-82,BACKTESTER-001,TestSingleMakerStrategy-000,SOLUSDT-LINEAR.BYBIT,BYBIT-1-082,SOLUSDT-LINEAR.BYBIT-TestSingleMakerStrategy-000,BYBIT-001,BYBIT-1-079,LIMIT,SELL,1.0,141.310,GTC,,1.0,TAKER,141.35,-0.03999999999999204,['0.14135000 USDT'],FILLED,False,False,False,,NO_TRIGGER,,NO_CONTINGENCY,,,,,,,,ab3be2ab-53c8-4a38-bd96-f7d0cadb17ad,2025-11-16 03:59:36.350719+00:00,2025-11-16 03:59:36.450491+00:00
O-20251116-035936-001-000-83,BACKTESTER-001,TestSingleMakerStrategy-000,SOLUSDT-LINEAR.BYBIT,BYBIT-1-083,SOLUSDT-LINEAR.BYBIT-TestSingleMakerStrategy-000,BYBIT-001,BYBIT-1-080,LIMIT,SELL,1.0,141.310,GTC,,1.0,TAKER,141.35,-0.03999999999999204,['0.14135000 USDT'],FILLED,False,False,False,,NO_TRIGGER,,NO_CONTINGENCY,,,,,,,,aefd5bb9-3487-486c-ae78-25ca3b40a7f2,2025-11-16 03:59:36.551469+00:00,2025-11-16 03:59:36.650473+00:00
O-20251116-035936-001-000-84,BACKTESTER-001,TestSingleMakerStrategy-000,SOLUSDT-LINEAR.BYBIT,BYBIT-1-084,SOLUSDT-LINEAR.BYBIT-TestSingleMakerStrategy-000,BYBIT-001,BYBIT-1-081,LIMIT,SELL,1.0,141.310,GTC,,1.0,TAKER,141.35,-0.03999999999999204,['0.14135000 USDT'],FILLED,False,False,False,,NO_TRIGGER,,NO_CONTINGENCY,,,,,,,,8a768430-02ed-4958-8267-848a3d0b6bbb,2025-11-16 03:59:36.751367+00:00,2025-11-16 03:59:36.851464+00:00
O-20251116-035936-001-000-85,BACKTESTER-001,TestSingleMakerStrategy-000,SOLUSDT-LINEAR.BYBIT,BYBIT-1-085,SOLUSDT-LINEAR.BYBIT-TestSingleMakerStrategy-000,BYBIT-001,BYBIT-1-082,LIMIT,SELL,1.0,141.310,GTC,,1.0,TAKER,141.35,-0.03999999999999204,['0.14135000 USDT'],FILLED,False,False,False,,NO_TRIGGER,,NO_CONTINGENCY,,,,,,,,31831e1c-533a-4651-831b-1fe9b24036cf,2025-11-16 03:59:36.951490+00:00,2025-11-16 03:59:37.050418+00:00
O-20251116-035937-001-000-86,BACKTESTER-001,TestSingleMakerStrategy-000,SOLUSDT-LINEAR.BYBIT,BYBIT-1-086,SOLUSDT-LINEAR.BYBIT-TestSingleMakerStrategy-000,BYBIT-001,BYBIT-1-083,LIMIT,SELL,1.0,141.310,GTC,,1.0,TAKER,141.35,-0.03999999999999204,['0.14135000 USDT'],FILLED,False,False,False,,NO_TRIGGER,,NO_CONTINGENCY,,,,,,,,4681f637-da34-4b25-bee4-1cec963fd718,2025-11-16 03:59:37.151178+00:00,2025-11-16 03:59:37.250477+00:00
O-20251116-035937-001-000-87,BACKTESTER-001,TestSingleMakerStrategy-000,SOLUSDT-LINEAR.BYBIT,BYBIT-1-087,SOLUSDT-LINEAR.BYBIT-TestSingleMakerStrategy-000,BYBIT-001,BYBIT-1-084,LIMIT,SELL,1.0,141.310,GTC,,1.0,TAKER,141.35,-0.03999999999999204,['0.14135000 USDT'],FILLED,False,False,False,,NO_TRIGGER,,NO_CONTINGENCY,,,,,,,,131cf3f7-6ca5-4205-8248-55406d78f48c,2025-11-16 03:59:37.351318+00:00,2025-11-16 03:59:37.452485+00:00
O-20251116-035937-001-000-88,BACKTESTER-001,TestSingleMakerStrategy-000,SOLUSDT-LINEAR.BYBIT,BYBIT-1-088,SOLUSDT-LINEAR.BYBIT-TestSingleMakerStrategy-000,BYBIT-001,BYBIT-1-085,LIMIT,SELL,1.0,141.310,GTC,,1.0,TAKER,141.35,-0.03999999999999204,['0.14135000 USDT'],FILLED,False,False,False,,NO_TRIGGER,,NO_CONTINGENCY,,,,,,,,c5754012-9a8b-4368-83b8-0d0d21a94ae1,2025-11-16 03:59:37.550912+00:00,2025-11-16 03:59:37.750389+00:00
O-20251116-035937-001-000-89,BACKTESTER-001,TestSingleMakerStrategy-000,SOLUSDT-LINEAR.BYBIT,BYBIT-1-089,SOLUSDT-LINEAR.BYBIT-TestSingleMakerStrategy-000,BYBIT-001,BYBIT-1-086,LIMIT,SELL,1.0,141.310,GTC,,1.0,TAKER,141.35,-0.03999999999999204,['0.14135000 USDT'],FILLED,False,False,False,,NO_TRIGGER,,NO_CONTINGENCY,,,,,,,,deab6e7f-9add-4f91-a8c1-f3dcab0a667c,2025-11-16 03:59:37.850982+00:00,2025-11-16 03:59:37.951013+00:00
O-20251116-035938-001-000-90,BACKTESTER-001,TestSingleMakerStrategy-000,SOLUSDT-LINEAR.BYBIT,BYBIT-1-090,SOLUSDT-LINEAR.BYBIT-TestSingleMakerStrategy-000,BYBIT-001,BYBIT-1-087,LIMIT,SELL,1.0,141.310,GTC,,1.0,TAKER,141.35,-0.03999999999999204,['0.14135000 USDT'],FILLED,False,False,False,,NO_TRIGGER,,NO_CONTINGENCY,,,,,,,,3660481d-dc80-4f5d-8800-4afbcb2a56aa,2025-11-16 03:59:38.050911+00:00,2025-11-16 03:59:38.151104+00:00
O-20251116-040703-001-000-91,BACKTESTER-001,TestSingleMakerStrategy-000,SOLUSDT-LINEAR.BYBIT,BYBIT-1-091,SOLUSDT-LINEAR.BYBIT-TestSingleMakerStrategy-000,BYBIT-001,BYBIT-1-089,LIMIT,BUY,1.0,141.040,GTC,,1.0,TAKER,141.03,-0.009999999999990905,['0.14103000 USDT'],FILLED,False,False,False,,NO_TRIGGER,,NO_CONTINGENCY,,,,,,,,1aec8f1e-1d1a-4e01-bbc0-cab59112d0b9,2025-11-16 04:07:03.249229+00:00,2025-11-16 04:07:03.350978+00:00
O-20251116-040703-001-000-92,BACKTESTER-001,TestSingleMakerStrategy-000,SOLUSDT-LINEAR.BYBIT,BYBIT-1-092,SOLUSDT-LINEAR.BYBIT-TestSingleMakerStrategy-000,BYBIT-001,BYBIT-1-098,LIMIT,SELL,1.0,141.330,GTC,,1.0,MAKER,141.33,0.0,['0.14133000 USDT'],FILLED,False,False,False,,NO_TRIGGER,,NO_CONTINGENCY,,,,,,,,62b0d149-de70-4ab8-9d4f-2d12229401df,2025-11-16 04:07:03.249229+00:00,2025-11-16 04:10:08.947474+00:00
O-20251116-040703-001-000-93,BACKTESTER-001,TestSingleMakerStrategy-000,SOLUSDT-LINEAR.BYBIT,BYBIT-1-093,SOLUSDT-LINEAR.BYBIT-TestSingleMakerStrategy-000,BYBIT-001,BYBIT-1-090,LIMIT,BUY,1.0,141.040,GTC,,1.0,TAKER,141.03,-0.009999999999990905,['0.14103000 USDT'],FILLED,False,False,False,,NO_TRIGGER,,NO_CONTINGENCY,,,,,,,,90f370f7-8879-4638-80ca-30005df8dfe8,2025-11-16 04:07:03.448673+00:00,2025-11-16 04:07:03.548993+00:00
O-20251116-040703-001-000-94,BACKTESTER-001,TestSingleMakerStrategy-000,SOLUSDT-LINEAR.BYBIT,BYBIT-1-094,SOLUSDT-LINEAR.BYBIT-TestSingleMakerStrategy-000,BYBIT-001,BYBIT-1-091,LIMIT,BUY,1.0,141.040,GTC,,1.0,TAKER,141.03,-0.009999999999990905,['0.14103000 USDT'],FILLED,False,False,False,,NO_TRIGGER,,NO_CONTINGENCY,,,,,,,,cc922fbd-833a-4d41-bdb3-4fa6299d4fbd,2025-11-16 04:07:03.648747+00:00,2025-11-16 04:07:03.748735+00:00
O-20251116-040703-001-000-95,BACKTESTER-001,TestSingleMakerStrategy-000,SOLUSDT-LINEAR.BYBIT,BYBIT-1-095,SOLUSDT-LINEAR.BYBIT-TestSingleMakerStrategy-000,BYBIT-001,BYBIT-1-092,LIMIT,BUY,1.0,141.040,GTC,,1.0,TAKER,141.03,-0.009999999999990905,['0.14103000 USDT'],FILLED,False,False,False,,NO_TRIGGER,,NO_CONTINGENCY,,,,,,,,cd2d2acf-4c6f-4dc8-a96e-feded1a646e6,2025-11-16 04:07:03.848673+00:00,2025-11-16 04:07:03.949034+00:00
O-20251116-040704-001-000-96,BACKTESTER-001,TestSingleMakerStrategy-000,SOLUSDT-LINEAR.BYBIT,BYBIT-1-096,SOLUSDT-LINEAR.BYBIT-TestSingleMakerStrategy-000,BYBIT-001,BYBIT-1-093,LIMIT,BUY,1.0,141.040,GTC,,1.0,TAKER,141.03,-0.009999999999990905,['0.14103000 USDT'],FILLED,False,False,False,,NO_TRIGGER,,NO_CONTINGENCY,,,,,,,,97a6f16f-a440-41f9-a2b3-1ef489b715b4,2025-11-16 04:07:04.048393+00:00,2025-11-16 04:07:04.148653+00:00
O-20251116-040704-001-000-97,BACKTESTER-001,TestSingleMakerStrategy-000,SOLUSDT-LINEAR.BYBIT,BYBIT-1-097,SOLUSDT-LINEAR.BYBIT-TestSingleMakerStrategy-000,BYBIT-001,BYBIT-1-094,LIMIT,BUY,1.0,141.040,GTC,,1.0,MAKER,141.04,0.0,['0.14104000 USDT'],FILLED,False,False,False,,NO_TRIGGER,,NO_CONTINGENCY,,,,,,,,855359a8-bae5-405d-916c-717d90237f10,2025-11-16 04:07:04.248822+00:00,2025-11-16 04:07:07.251268+00:00
O-20251116-040707-001-000-100,BACKTESTER-001,TestSingleMakerStrategy-000,SOLUSDT-LINEAR.BYBIT,BYBIT-1-100,SOLUSDT-LINEAR.BYBIT-TestSingleMakerStrategy-000,BYBIT-001,BYBIT-1-097,LIMIT,BUY,1.0,141.040,GTC,,1.0,TAKER,141.03,-0.009999999999990905,['0.14103000 USDT'],FILLED,False,False,False,,NO_TRIGGER,,NO_CONTINGENCY,,,,,,,,fba76b13-ebda-4be4-ab49-e2a362d68e23,2025-11-16 04:07:07.648281+00:00,2025-11-16 04:07:07.748561+00:00
O-20251116-040707-001-000-98,BACKTESTER-001,TestSingleMakerStrategy-000,SOLUSDT-LINEAR.BYBIT,BYBIT-1-098,SOLUSDT-LINEAR.BYBIT-TestSingleMakerStrategy-000,BYBIT-001,BYBIT-1-095,LIMIT,BUY,1.0,141.040,GTC,,1.0,TAKER,141.03,-0.009999999999990905,['0.14103000 USDT'],FILLED,False,False,False,,NO_TRIGGER,,NO_CONTINGENCY,,,,,,,,26e4d64d-e61f-4e60-ae0f-9d9cda6ca1a7,2025-11-16 04:07:07.251268+00:00,2025-11-16 04:07:07.348835+00:00
O-20251116-040707-001-000-99,BACKTESTER-001,TestSingleMakerStrategy-000,SOLUSDT-LINEAR.BYBIT,BYBIT-1-099,SOLUSDT-LINEAR.BYBIT-TestSingleMakerStrategy-000,BYBIT-001,BYBIT-1-096,LIMIT,BUY,1.0,141.040,GTC,,1.0,TAKER,141.03,-0.009999999999990905,['0.14103000 USDT'],FILLED,False,False,False,,NO_TRIGGER,,NO_CONTINGENCY,,,,,,,,3c6f25df-1753-4c1a-90a9-2d51f5fc8ed7,2025-11-16 04:07:07.448870+00:00,2025-11-16 04:07:07.548696+00:00
O-20251116-041008-001-000-101,BACKTESTER-001,TestSingleMakerStrategy-000,SOLUSDT-LINEAR.BYBIT,BYBIT-1-101,SOLUSDT-LINEAR.BYBIT-TestSingleMakerStrategy-000,BYBIT-001,BYBIT-1-108,LIMIT,BUY,1.0,140.990,GTC,,1.0,MAKER,140.99,0.0,['0.14099000 USDT'],FILLED,False,False,False,,NO_TRIGGER,,NO_CONTINGENCY,,,,,,,,f3233da5-96ea-489f-8c70-32051b67874b,2025-11-16 04:10:08.947474+00:00,2025-11-16 04:22:04.216250+00:00
O-20251116-041008-001-000-102,BACKTESTER-001,TestSingleMakerStrategy-000,SOLUSDT-LINEAR.BYBIT,BYBIT-1-102,SOLUSDT-LINEAR.BYBIT-TestSingleMakerStrategy-000,BYBIT-001,BYBIT-1-099,LIMIT,SELL,1.0,141.280,GTC,,1.0,TAKER,141.33,-0.05000000000001137,['0.14133000 USDT'],FILLED,False,False,False,,NO_TRIGGER,,NO_CONTINGENCY,,,,,,,,057238f7-1768-4890-a57f-57148403a584,2025-11-16 04:10:08.947474+00:00,2025-11-16 04:10:09.049374+00:00
O-20251116-041009-001-000-103,BACKTESTER-001,TestSingleMakerStrategy-000,SOLUSDT-LINEAR.BYBIT,BYBIT-1-103,SOLUSDT-LINEAR.BYBIT-TestSingleMakerStrategy-000,BYBIT-001,BYBIT-1-100,LIMIT,SELL,1.0,141.280,GTC,,1.0,TAKER,141.33,-0.05000000000001137,['0.14133000 USDT'],FILLED,False,False,False,,NO_TRIGGER,,NO_CONTINGENCY,,,,,,,,f6c18de6-de30-4b85-8bdc-08e6e1b68411,2025-11-16 04:10:09.247515+00:00,2025-11-16 04:10:09.447085+00:00
O-20251116-041009-001-000-104,BACKTESTER-001,TestSingleMakerStrategy-000,SOLUSDT-LINEAR.BYBIT,BYBIT-1-104,SOLUSDT-LINEAR.BYBIT-TestSingleMakerStrategy-000,BYBIT-001,BYBIT-1-101,LIMIT,SELL,1.0,141.280,GTC,,1.0,TAKER,141.33,-0.05000000000001137,['0.14133000 USDT'],FILLED,False,False,False,,NO_TRIGGER,,NO_CONTINGENCY,,,,,,,,4b28445a-f2a4-431c-af0d-15535258af36,2025-11-16 04:10:09.548603+00:00,2025-11-16 04:10:09.647765+00:00
O-20251116-041009-001-000-105,BACKTESTER-001,TestSingleMakerStrategy-000,SOLUSDT-LINEAR.BYBIT,BYBIT-1-105,SOLUSDT-LINEAR.BYBIT-TestSingleMakerStrategy-000,BYBIT-001,BYBIT-1-102,LIMIT,SELL,1.0,141.280,GTC,,1.0,TAKER,141.34,-0.060000000000002274,['0.14134000 USDT'],FILLED,False,False,False,,NO_TRIGGER,,NO_CONTINGENCY,,,,,,,,8f3cdbf9-c351-46b1-8376-4b4e59644f87,2025-11-16 04:10:09.748409+00:00,2025-11-16 04:10:09.847774+00:00
O-20251116-041009-001-000-106,BACKTESTER-001,TestSingleMakerStrategy-000,SOLUSDT-LINEAR.BYBIT,BYBIT-1-106,SOLUSDT-LINEAR.BYBIT-TestSingleMakerStrategy-000,BYBIT-001,BYBIT-1-103,LIMIT,SELL,1.0,141.280,GTC,,1.0,TAKER,141.34,-0.060000000000002274,['0.14134000 USDT'],FILLED,False,False,False,,NO_TRIGGER,,NO_CONTINGENCY,,,,,,,,dc491ff7-ce9c-4f4a-95de-e9354339ace2,2025-11-16 04:10:09.947370+00:00,2025-11-16 04:10:10.049023+00:00
O-20251116-041010-001-000-107,BACKTESTER-001,TestSingleMakerStrategy-000,SOLUSDT-LINEAR.BYBIT,BYBIT-1-107,SOLUSDT-LINEAR.BYBIT-TestSingleMakerStrategy-000,BYBIT-001,BYBIT-1-104,LIMIT,SELL,1.0,141.280,GTC,,1.0,TAKER,141.34,-0.060000000000002274,['0.14134000 USDT'],FILLED,False,False,False,,NO_TRIGGER,,NO_CONTINGENCY,,,,,,,,ea2fe262-4dd7-4fd1-8cf4-e5628f6fc7d5,2025-11-16 04:10:10.147265+00:00,2025-11-16 04:10:10.247186+00:00
O-20251116-041010-001-000-108,BACKTESTER-001,TestSingleMakerStrategy-000,SOLUSDT-LINEAR.BYBIT,BYBIT-1-108,SOLUSDT-LINEAR.BYBIT-TestSingleMakerStrategy-000,BYBIT-001,BYBIT-1-105,LIMIT,SELL,1.0,141.280,GTC,,1.0,TAKER,141.34,-0.060000000000002274,['0.14134000 USDT'],FILLED,False,False,False,,NO_TRIGGER,,NO_CONTINGENCY,,,,,,,,7346919a-29ab-4765-bacd-cf3e650d9525,2025-11-16 04:10:10.347653+00:00,2025-11-16 04:10:10.447153+00:00
O-20251116-041010-001-000-109,BACKTESTER-001,TestSingleMakerStrategy-000,SOLUSDT-LINEAR.BYBIT,BYBIT-1-109,SOLUSDT-LINEAR.BYBIT-TestSingleMakerStrategy-000,BYBIT-001,BYBIT-1-106,LIMIT,SELL,1.0,141.280,GTC,,1.0,TAKER,141.32,-0.03999999999999204,['0.14132000 USDT'],FILLED,False,False,False,,NO_TRIGGER,,NO_CONTINGENCY,,,,,,,,7b25fa84-e50a-4b95-8ebe-8f99b8852442,2025-11-16 04:10:10.947566+00:00,2025-11-16 04:10:11.049295+00:00
O-20251116-041011-001-000-110,BACKTESTER-001,TestSingleMakerStrategy-000,SOLUSDT-LINEAR.BYBIT,BYBIT-1-110,SOLUSDT-LINEAR.BYBIT-TestSingleMakerStrategy-000,BYBIT-001,BYBIT-1-107,LIMIT,SELL,1.0,141.280,GTC,,1.0,TAKER,141.32,-0.03999999999999204,['0.14132000 USDT'],FILLED,False,False,False,,NO_TRIGGER,,NO_CONTINGENCY,,,,,,,,ddc3f40c-9fa5-4fe9-8651-1d9d2f04b242,2025-11-16 04:10:11.147443+00:00,2025-11-16 04:10:11.249224+00:00
O-20251116-042204-001-000-111,BACKTESTER-001,TestSingleMakerStrategy-000,SOLUSDT-LINEAR.BYBIT,BYBIT-1-111,SOLUSDT-LINEAR.BYBIT-TestSingleMakerStrategy-000,BYBIT-001,BYBIT-1-109,LIMIT,BUY,1.0,141.110,GTC,,1.0,TAKER,140.99,-0.12000000000000455,['0.14099000 USDT'],FILLED,False,False,False,,NO_TRIGGER,,NO_CONTINGENCY,,,,,,,,64e8d5d0-97ca-4af7-b397-0b9e191c3895,2025-11-16 04:22:04.216250+00:00,2025-11-16 04:22:04.315747+00:00
O-20251116-042204-001-000-113,BACKTESTER-001,TestSingleMakerStrategy-000,SOLUSDT-LINEAR.BYBIT,BYBIT-1-113,SOLUSDT-LINEAR.BYBIT-TestSingleMakerStrategy-000,BYBIT-001,BYBIT-1-110,LIMIT,BUY,1.0,141.110,GTC,,1.0,TAKER,140.99,-0.12000000000000455,['0.14099000 USDT'],FILLED,False,False,False,,NO_TRIGGER,,NO_CONTINGENCY,,,,,,,,c746691b-9e67-480c-8787-f6307b45b3fe,2025-11-16 04:22:04.414773+00:00,2025-11-16 04:22:04.515783+00:00
O-20251116-042204-001-000-114,BACKTESTER-001,TestSingleMakerStrategy-000,SOLUSDT-LINEAR.BYBIT,BYBIT-1-114,SOLUSDT-LINEAR.BYBIT-TestSingleMakerStrategy-000,BYBIT-001,BYBIT-1-111,LIMIT,BUY,1.0,141.110,GTC,,1.0,TAKER,140.99,-0.12000000000000455,['0.14099000 USDT'],FILLED,False,False,False,,NO_TRIGGER,,NO_CONTINGENCY,,,,,,,,99650173-8064-4d2b-9fcb-17b5acd2d346,2025-11-16 04:22:04.715477+00:00,2025-11-16 04:22:04.815351+00:00
O-20251116-042204-001-000-115,BACKTESTER-001,TestSingleMakerStrategy-000,SOLUSDT-LINEAR.BYBIT,BYBIT-1-115,SOLUSDT-LINEAR.BYBIT-TestSingleMakerStrategy-000,BYBIT-001,BYBIT-1-112,LIMIT,BUY,1.0,141.110,GTC,,1.0,TAKER,140.99,-0.12000000000000455,['0.14099000 USDT'],FILLED,False,False,False,,NO_TRIGGER,,NO_CONTINGENCY,,,,,,,,e26e2e20-e9e3-480b-aa36-1d73df1be32e,2025-11-16 04:22:04.915401+00:00,2025-11-16 04:22:05.015899+00:00
O-20251116-042205-001-000-116,BACKTESTER-001,TestSingleMakerStrategy-000,SOLUSDT-LINEAR.BYBIT,BYBIT-1-116,SOLUSDT-LINEAR.BYBIT-TestSingleMakerStrategy-000,BYBIT-001,BYBIT-1-113,LIMIT,BUY,1.0,141.110,GTC,,1.0,TAKER,140.99,-0.12000000000000455,['0.14099000 USDT'],FILLED,False,False,False,,NO_TRIGGER,,NO_CONTINGENCY,,,,,,,,8a479b2c-2e17-4cb0-b832-b1c2cb145cbf,2025-11-16 04:22:05.117707+00:00,2025-11-16 04:22:05.215373+00:00
O-20251116-042205-001-000-117,BACKTESTER-001,TestSingleMakerStrategy-000,SOLUSDT-LINEAR.BYBIT,BYBIT-1-117,SOLUSDT-LINEAR.BYBIT-TestSingleMakerStrategy-000,BYBIT-001,BYBIT-1-114,LIMIT,BUY,1.0,141.110,GTC,,1.0,TAKER,140.99,-0.12000000000000455,['0.14099000 USDT'],FILLED,False,False,False,,NO_TRIGGER,,NO_CONTINGENCY,,,,,,,,6c77abe0-aa1b-4cfc-9884-48d09931a4a7,2025-11-16 04:22:05.315258+00:00,2025-11-16 04:22:05.415935+00:00
O-20251116-042205-001-000-118,BACKTESTER-001,TestSingleMakerStrategy-000,SOLUSDT-LINEAR.BYBIT,BYBIT-1-118,SOLUSDT-LINEAR.BYBIT-TestSingleMakerStrategy-000,BYBIT-001,BYBIT-1-115,LIMIT,BUY,1.0,141.110,GTC,,1.0,TAKER,140.99,-0.12000000000000455,['0.14099000 USDT'],FILLED,False,False,False,,NO_TRIGGER,,NO_CONTINGENCY,,,,,,,,0e9caf87-c4ae-476d-814f-98b22c00e46c,2025-11-16 04:22:05.515273+00:00,2025-11-16 04:22:05.715847+00:00
O-20251116-042205-001-000-119,BACKTESTER-001,TestSingleMakerStrategy-000,SOLUSDT-LINEAR.BYBIT,BYBIT-1-119,SOLUSDT-LINEAR.BYBIT-TestSingleMakerStrategy-000,BYBIT-001,BYBIT-1-116,LIMIT,BUY,1.0,141.110,GTC,,1.0,TAKER,140.99,-0.12000000000000455,['0.14099000 USDT'],FILLED,False,False,False,,NO_TRIGGER,,NO_CONTINGENCY,,,,,,,,ee57505e-9c93-47e0-8d55-b0be700fd8d6,2025-11-16 04:22:05.915380+00:00,2025-11-16 04:22:06.017781+00:00
O-20251116-042206-001-000-120,BACKTESTER-001,TestSingleMakerStrategy-000,SOLUSDT-LINEAR.BYBIT,BYBIT-1-120,SOLUSDT-LINEAR.BYBIT-TestSingleMakerStrategy-000,BYBIT-001,BYBIT-1-117,LIMIT,BUY,1.0,141.110,GTC,,1.0,TAKER,140.99,-0.12000000000000455,['0.14099000 USDT'],FILLED,False,False,False,,NO_TRIGGER,,NO_CONTINGENCY,,,,,,,,14994348-25a6-4c77-be77-3f621bd38ed9,2025-11-16 04:22:06.215475+00:00,2025-11-16 04:22:06.315391+00:00
O-20251116-043555-001-000-122,BACKTESTER-001,TestSingleMakerStrategy-000,SOLUSDT-LINEAR.BYBIT,BYBIT-1-122,SOLUSDT-LINEAR.BYBIT-TestSingleMakerStrategy-000,BYBIT-001,BYBIT-1-118,LIMIT,SELL,1.0,140.970,GTC,,1.0,MAKER,140.97,0.0,['0.14097000 USDT'],FILLED,False,False,False,,NO_TRIGGER,,NO_CONTINGENCY,,,,,,,,2bd48cd1-88e2-40ee-bd81-9304ab173513,2025-11-16 04:35:55.123639+00:00,2025-11-16 04:40:45.227992+00:00
O-20251116-044045-001-000-124,BACKTESTER-001,TestSingleMakerStrategy-000,SOLUSDT-LINEAR.BYBIT,BYBIT-1-124,SOLUSDT-LINEAR.BYBIT-TestSingleMakerStrategy-000,BYBIT-001,BYBIT-1-119,LIMIT,SELL,1.0,140.970,GTC,,1.0,TAKER,140.97,0.0,['0.14097000 USDT'],FILLED,False,False,False,,NO_TRIGGER,,NO_CONTINGENCY,,,,,,,,7c73b472-c901-4bec-b959-fef20db5bbc9,2025-11-16 04:40:45.227992+00:00,2025-11-16 04:40:45.329224+00:00
O-20251116-044045-001-000-125,BACKTESTER-001,TestSingleMakerStrategy-000,SOLUSDT-LINEAR.BYBIT,BYBIT-1-125,SOLUSDT-LINEAR.BYBIT-TestSingleMakerStrategy-000,BYBIT-001,BYBIT-1-120,LIMIT,SELL,1.0,140.970,GTC,,1.0,TAKER,140.97,0.0,['0.14097000 USDT'],FILLED,False,False,False,,NO_TRIGGER,,NO_CONTINGENCY,,,,,,,,2c79f966-fbb6-41e3-9c95-85526896ccde,2025-11-16 04:40:45.427217+00:00,2025-11-16 04:40:45.532013+00:00
O-20251116-044045-001-000-126,BACKTESTER-001,TestSingleMakerStrategy-000,SOLUSDT-LINEAR.BYBIT,BYBIT-1-126,SOLUSDT-LINEAR.BYBIT-TestSingleMakerStrategy-000,BYBIT-001,BYBIT-1-121,LIMIT,SELL,1.0,140.970,GTC,,1.0,TAKER,140.97,0.0,['0.14097000 USDT'],FILLED,False,False,False,,NO_TRIGGER,,NO_CONTINGENCY,,,,,,,,4bad8d04-00f0-4c07-9b36-82fa154a9925,2025-11-16 04:40:45.627604+00:00,2025-11-16 04:40:45.826852+00:00
O-20251116-044046-001-000-127,BACKTESTER-001,TestSingleMakerStrategy-000,SOLUSDT-LINEAR.BYBIT,BYBIT-1-127,SOLUSDT-LINEAR.BYBIT-TestSingleMakerStrategy-000,BYBIT-001,BYBIT-1-122,LIMIT,SELL,1.0,140.970,GTC,,1.0,TAKER,140.97,0.0,['0.14097000 USDT'],FILLED,False,False,False,,NO_TRIGGER,,NO_CONTINGENCY,,,,,,,,33a5e7a9-b97d-4460-89c9-718c390716b7,2025-11-16 04:40:46.027285+00:00,2025-11-16 04:40:46.226679+00:00
O-20251116-044046-001-000-128,BACKTESTER-001,TestSingleMakerStrategy-000,SOLUSDT-LINEAR.BYBIT,BYBIT-1-128,SOLUSDT-LINEAR.BYBIT-TestSingleMakerStrategy-000,BYBIT-001,BYBIT-1-123,LIMIT,SELL,1.0,140.970,GTC,,1.0,TAKER,140.97,0.0,['0.14097000 USDT'],FILLED,False,False,False,,NO_TRIGGER,,NO_CONTINGENCY,,,,,,,,a27f6e3d-a332-465f-a28b-d37a69931422,2025-11-16 04:40:46.326988+00:00,2025-11-16 04:40:46.426621+00:00
O-20251116-044046-001-000-129,BACKTESTER-001,TestSingleMakerStrategy-000,SOLUSDT-LINEAR.BYBIT,BYBIT-1-129,SOLUSDT-LINEAR.BYBIT-TestSingleMakerStrategy-000,BYBIT-001,BYBIT-1-124,LIMIT,SELL,1.0,140.970,GTC,,1.0,TAKER,140.97,0.0,['0.14097000 USDT'],FILLED,False,False,False,,NO_TRIGGER,,NO_CONTINGENCY,,,,,,,,dba2e2ca-f903-451a-8ff9-d0ae01d32bc1,2025-11-16 04:40:46.527216+00:00,2025-11-16 04:40:46.626743+00:00
O-20251116-044046-001-000-130,BACKTESTER-001,TestSingleMakerStrategy-000,SOLUSDT-LINEAR.BYBIT,BYBIT-1-130,SOLUSDT-LINEAR.BYBIT-TestSingleMakerStrategy-000,BYBIT-001,BYBIT-1-125,LIMIT,SELL,1.0,140.970,GTC,,1.0,TAKER,140.97,0.0,['0.14097000 USDT'],FILLED,False,False,False,,NO_TRIGGER,,NO_CONTINGENCY,,,,,,,,16cfc2b4-bc06-4287-8124-da47ca448fe8,2025-11-16 04:40:46.726569+00:00,2025-11-16 04:40:46.826771+00:00
O-20251116-044046-001-000-131,BACKTESTER-001,TestSingleMakerStrategy-000,SOLUSDT-LINEAR.BYBIT,BYBIT-1-131,SOLUSDT-LINEAR.BYBIT-TestSingleMakerStrategy-000,BYBIT-001,BYBIT-1-126,LIMIT,SELL,1.0,140.970,GTC,,1.0,TAKER,140.97,0.0,['0.14097000 USDT'],FILLED,False,False,False,,NO_TRIGGER,,NO_CONTINGENCY,,,,,,,,804262f1-e9a0-404b-b2e7-f00a58b3f489,2025-11-16 04:40:46.926503+00:00,2025-11-16 04:40:47.129061+00:00
O-20251116-044047-001-000-132,BACKTESTER-001,TestSingleMakerStrategy-000,SOLUSDT-LINEAR.BYBIT,BYBIT-1-132,SOLUSDT-LINEAR.BYBIT-TestSingleMakerStrategy-000,BYBIT-001,BYBIT-1-127,LIMIT,SELL,1.0,140.970,GTC,,1.0,TAKER,140.97,0.0,['0.14097000 USDT'],FILLED,False,False,False,,NO_TRIGGER,,NO_CONTINGENCY,,,,,,,,f768a694-42cf-4608-9a68-7e4a4cfd0d6f,2025-11-16 04:40:47.427398+00:00,2025-11-16 04:40:47.527097+00:00
O-20251116-051424-001-000-137,BACKTESTER-001,TestSingleMakerStrategy-000,SOLUSDT-LINEAR.BYBIT,BYBIT-1-137,SOLUSDT-LINEAR.BYBIT-TestSingleMakerStrategy-000,BYBIT-001,BYBIT-1-128,LIMIT,BUY,1.0,141.750,GTC,,1.0,MAKER,141.75,0.0,['0.14175000 USDT'],FILLED,False,False,False,,NO_TRIGGER,,NO_CONTINGENCY,,,,,,,,f0074e80-5830-4921-891f-746ef38aa080,2025-11-16 05:14:24.352672+00:00,2025-11-16 05:18:29.554833+00:00
O-20251116-051829-001-000-138,BACKTESTER-001,TestSingleMakerStrategy-000,SOLUSDT-LINEAR.BYBIT,BYBIT-1-138,SOLUSDT-LINEAR.BYBIT-TestSingleMakerStrategy-000,BYBIT-001,BYBIT-1-129,LIMIT,BUY,1.0,141.800,GTC,,1.0,TAKER,141.75,-0.05000000000001137,['0.14175000 USDT'],FILLED,False,False,False,,NO_TRIGGER,,NO_CONTINGENCY,,,,,,,,dbda5083-3dc0-4e3d-9860-59710a668baf,2025-11-16 05:18:29.554833+00:00,2025-11-16 05:18:29.655646+00:00
O-20251116-051829-001-000-140,BACKTESTER-001,TestSingleMakerStrategy-000,SOLUSDT-LINEAR.BYBIT,BYBIT-1-140,SOLUSDT-LINEAR.BYBIT-TestSingleMakerStrategy-000,BYBIT-001,BYBIT-1-130,LIMIT,BUY,1.0,141.800,GTC,,1.0,TAKER,141.75,-0.05000000000001137,['0.14175000 USDT'],FILLED,False,False,False,,NO_TRIGGER,,NO_CONTINGENCY,,,,,,,,f28817b0-5ade-40c3-858a-090bc75b5d29,2025-11-16 05:18:29.755294+00:00,2025-11-16 05:18:29.854645+00:00
O-20251116-051829-001-000-141,BACKTESTER-001,TestSingleMakerStrategy-000,SOLUSDT-LINEAR.BYBIT,BYBIT-1-141,SOLUSDT-LINEAR.BYBIT-TestSingleMakerStrategy-000,BYBIT-001,BYBIT-1-131,LIMIT,BUY,1.0,141.800,GTC,,1.0,TAKER,141.75,-0.05000000000001137,['0.14175000 USDT'],FILLED,False,False,False,,NO_TRIGGER,,NO_CONTINGENCY,,,,,,,,6887fbb4-358f-473e-b864-7869f4fd3574,2025-11-16 05:18:29.957109+00:00,2025-11-16 05:18:30.055376+00:00
O-20251116-051830-001-000-142,BACKTESTER-001,TestSingleMakerStrategy-000,SOLUSDT-LINEAR.BYBIT,BYBIT-1-142,SOLUSDT-LINEAR.BYBIT-TestSingleMakerStrategy-000,BYBIT-001,BYBIT-1-132,LIMIT,BUY,1.0,141.800,GTC,,1.0,TAKER,141.75,-0.05000000000001137,['0.14175000 USDT'],FILLED,False,False,False,,NO_TRIGGER,,NO_CONTINGENCY,,,,,,,,6de13de9-5688-4c9e-b9b1-db577e41e236,2025-11-16 05:18:30.156468+00:00,2025-11-16 05:18:30.255150+00:00
O-20251116-051830-001-000-143,BACKTESTER-001,TestSingleMakerStrategy-000,SOLUSDT-LINEAR.BYBIT,BYBIT-1-143,SOLUSDT-LINEAR.BYBIT-TestSingleMakerStrategy-000,BYBIT-001,BYBIT-1-133,LIMIT,BUY,1.0,141.800,GTC,,1.0,TAKER,141.74,-0.060000000000002274,['0.14174000 USDT'],FILLED,False,False,False,,NO_TRIGGER,,NO_CONTINGENCY,,,,,,,,ef6b8354-a476-4237-bc04-e3c0a9d6574e,2025-11-16 05:18:30.355398+00:00,2025-11-16 05:18:30.455560+00:00
O-20251116-051830-001-000-144,BACKTESTER-001,TestSingleMakerStrategy-000,SOLUSDT-LINEAR.BYBIT,BYBIT-1-144,SOLUSDT-LINEAR.BYBIT-TestSingleMakerStrategy-000,BYBIT-001,BYBIT-1-134,LIMIT,BUY,1.0,141.800,GTC,,1.0,TAKER,141.68,-0.12000000000000455,['0.14168000 USDT'],FILLED,False,False,False,,NO_TRIGGER,,NO_CONTINGENCY,,,,,,,,796ac5ca-0e89-404e-b026-8f9724ecb563,2025-11-16 05:18:30.555718+00:00,2025-11-16 05:18:30.655638+00:00
O-20251116-051830-001-000-145,BACKTESTER-001,TestSingleMakerStrategy-000,SOLUSDT-LINEAR.BYBIT,BYBIT-1-145,SOLUSDT-LINEAR.BYBIT-TestSingleMakerStrategy-000,BYBIT-001,BYBIT-1-135,LIMIT,BUY,1.0,141.800,GTC,,1.0,TAKER,141.68,-0.12000000000000455,['0.14168000 USDT'],FILLED,False,False,False,,NO_TRIGGER,,NO_CONTINGENCY,,,,,,,,c47c67b7-e0c4-410d-b9c2-b0b9e3f21cee,2025-11-16 05:18:30.755736+00:00,2025-11-16 05:18:30.855648+00:00
O-20251116-051830-001-000-146,BACKTESTER-001,TestSingleMakerStrategy-000,SOLUSDT-LINEAR.BYBIT,BYBIT-1-146,SOLUSDT-LINEAR.BYBIT-TestSingleMakerStrategy-000,BYBIT-001,BYBIT-1-136,LIMIT,BUY,1.0,141.800,GTC,,1.0,TAKER,141.68,-0.12000000000000455,['0.14168000 USDT'],FILLED,False,False,False,,NO_TRIGGER,,NO_CONTINGENCY,,,,,,,,659582e0-c783-4f33-aca1-dd6780a36e15,2025-11-16 05:18:30.955494+00:00,2025-11-16 05:18:31.055221+00:00
O-20251116-051831-001-000-147,BACKTESTER-001,TestSingleMakerStrategy-000,SOLUSDT-LINEAR.BYBIT,BYBIT-1-147,SOLUSDT-LINEAR.BYBIT-TestSingleMakerStrategy-000,BYBIT-001,BYBIT-1-137,LIMIT,BUY,1.0,141.800,GTC,,1.0,TAKER,141.7,-0.10000000000002274,['0.14170000 USDT'],FILLED,False,False,False,,NO_TRIGGER,,NO_CONTINGENCY,,,,,,,,c900ec37-6d85-492f-a88b-d77d6cddbc60,2025-11-16 05:18:31.157251+00:00,2025-11-16 05:18:31.255668+00:00
O-20251116-053422-001-000-149,BACKTESTER-001,TestSingleMakerStrategy-000,SOLUSDT-LINEAR.BYBIT,BYBIT-1-149,SOLUSDT-LINEAR.BYBIT-TestSingleMakerStrategy-000,BYBIT-001,BYBIT-1-138,LIMIT,SELL,1.0,141.660,GTC,,1.0,MAKER,141.66,0.0,['0.14166000 USDT'],FILLED,False,False,False,,NO_TRIGGER,,NO_CONTINGENCY,,,,,,,,35d47a08-5c61-4bd8-9e39-ffd7a0eca092,2025-11-16 05:34:22.465561+00:00,2025-11-16 05:36:00.866952+00:00
O-20251116-053600-001-000-150,BACKTESTER-001,TestSingleMakerStrategy-000,SOLUSDT-LINEAR.BYBIT,BYBIT-1-150,SOLUSDT-LINEAR.BYBIT-TestSingleMakerStrategy-000,BYBIT-001,BYBIT-1-148,LIMIT,BUY,1.0,141.350,GTC,,1.0,MAKER,141.35,0.0,['0.14135000 USDT'],FILLED,False,False,False,,NO_TRIGGER,,NO_CONTINGENCY,,,,,,,,b24beca4-f404-48e4-b715-4d3c73db8b10,2025-11-16 05:36:00.866952+00:00,2025-11-16 05:59:16.274585+00:00
O-20251116-053600-001-000-151,BACKTESTER-001,TestSingleMakerStrategy-000,SOLUSDT-LINEAR.BYBIT,BYBIT-1-151,SOLUSDT-LINEAR.BYBIT-TestSingleMakerStrategy-000,BYBIT-001,BYBIT-1-139,LIMIT,SELL,1.0,141.630,GTC,,1.0,TAKER,141.66,-0.030000000000001137,['0.14166000 USDT'],FILLED,False,False,False,,NO_TRIGGER,,NO_CONTINGENCY,,,,,,,,f8c794d7-0da3-431d-ae78-f7b05f303bf2,2025-11-16 05:36:00.866952+00:00,2025-11-16 05:36:00.968729+00:00
O-20251116-053601-001-000-152,BACKTESTER-001,TestSingleMakerStrategy-000,SOLUSDT-LINEAR.BYBIT,BYBIT-1-152,SOLUSDT-LINEAR.BYBIT-TestSingleMakerStrategy-000,BYBIT-001,BYBIT-1-140,LIMIT,SELL,1.0,141.630,GTC,,1.0,TAKER,141.66,-0.030000000000001137,['0.14166000 USDT'],FILLED,False,False,False,,NO_TRIGGER,,NO_CONTINGENCY,,,,,,,,3c312b79-1822-44c5-9638-1b9b3038374c,2025-11-16 05:36:01.066932+00:00,2025-11-16 05:36:01.167219+00:00
O-20251116-053601-001-000-153,BACKTESTER-001,TestSingleMakerStrategy-000,SOLUSDT-LINEAR.BYBIT,BYBIT-1-153,SOLUSDT-LINEAR.BYBIT-TestSingleMakerStrategy-000,BYBIT-001,BYBIT-1-141,LIMIT,SELL,1.0,141.630,GTC,,1.0,TAKER,141.66,-0.030000000000001137,['0.14166000 USDT'],FILLED,False,False,False,,NO_TRIGGER,,NO_CONTINGENCY,,,,,,,,fcd93531-0fc6-4895-803c-ee8363919626,2025-11-16 05:36:01.267746+00:00,2025-11-16 05:36:01.567135+00:00
O-20251116-053601-001-000-154,BACKTESTER-001,TestSingleMakerStrategy-000,SOLUSDT-LINEAR.BYBIT,BYBIT-1-154,SOLUSDT-LINEAR.BYBIT-TestSingleMakerStrategy-000,BYBIT-001,BYBIT-1-142,LIMIT,SELL,1.0,141.630,GTC,,1.0,TAKER,141.66,-0.030000000000001137,['0.14166000 USDT'],FILLED,False,False,False,,NO_TRIGGER,,NO_CONTINGENCY,,,,,,,,73fe5c20-00d1-4549-892a-8687b69e3ddc,2025-11-16 05:36:01.666935+00:00,2025-11-16 05:36:01.769175+00:00
O-20251116-053601-001-000-155,BACKTESTER-001,TestSingleMakerStrategy-000,SOLUSDT-LINEAR.BYBIT,BYBIT-1-155,SOLUSDT-LINEAR.BYBIT-TestSingleMakerStrategy-000,BYBIT-001,BYBIT-1-143,LIMIT,SELL,1.0,141.630,GTC,,1.0,TAKER,141.66,-0.030000000000001137,['0.14166000 USDT'],FILLED,False,False,False,,NO_TRIGGER,,NO_CONTINGENCY,,,,,,,,05d5ecaa-fefe-4a32-94a1-061420137712,2025-11-16 05:36:01.866979+00:00,2025-11-16 05:36:02.066318+00:00
O-20251116-053602-001-000-156,BACKTESTER-001,TestSingleMakerStrategy-000,SOLUSDT-LINEAR.BYBIT,BYBIT-1-156,SOLUSDT-LINEAR.BYBIT-TestSingleMakerStrategy-000,BYBIT-001,BYBIT-1-144,LIMIT,SELL,1.0,141.630,GTC,,1.0,TAKER,141.66,-0.030000000000001137,['0.14166000 USDT'],FILLED,False,False,False,,NO_TRIGGER,,NO_CONTINGENCY,,,,,,,,b5badac8-9eff-4ba7-96c7-3e13d84f688e,2025-11-16 05:36:02.167087+00:00,2025-11-16 05:36:02.268488+00:00
O-20251116-053602-001-000-157,BACKTESTER-001,TestSingleMakerStrategy-000,SOLUSDT-LINEAR.BYBIT,BYBIT-1-157,SOLUSDT-LINEAR.BYBIT-TestSingleMakerStrategy-000,BYBIT-001,BYBIT-1-145,LIMIT,SELL,1.0,141.630,GTC,,1.0,TAKER,141.68,-0.05000000000001137,['0.14168000 USDT'],FILLED,False,False,False,,NO_TRIGGER,,NO_CONTINGENCY,,,,,,,,e5c7e618-45c5-4d24-87ca-af39ad500314,2025-11-16 05:36:02.371692+00:00,2025-11-16 05:36:02.467291+00:00
O-20251116-053602-001-000-158,BACKTESTER-001,TestSingleMakerStrategy-000,SOLUSDT-LINEAR.BYBIT,BYBIT-1-158,SOLUSDT-LINEAR.BYBIT-TestSingleMakerStrategy-000,BYBIT-001,BYBIT-1-146,LIMIT,SELL,1.0,141.630,GTC,,1.0,TAKER,141.68,-0.05000000000001137,['0.14168000 USDT'],FILLED,False,False,False,,NO_TRIGGER,,NO_CONTINGENCY,,,,,,,,85e0f861-b173-471a-b4d7-12fb350a1123,2025-11-16 05:36:02.667502+00:00,2025-11-16 05:36:02.766994+00:00
O-20251116-053603-001-000-159,BACKTESTER-001,TestSingleMakerStrategy-000,SOLUSDT-LINEAR.BYBIT,BYBIT-1-159,SOLUSDT-LINEAR.BYBIT-TestSingleMakerStrategy-000,BYBIT-001,BYBIT-1-147,LIMIT,SELL,1.0,141.630,GTC,,1.0,TAKER,141.68,-0.05000000000001137,['0.14168000 USDT'],FILLED,False,False,False,,NO_TRIGGER,,NO_CONTINGENCY,,,,,,,,0caeff6e-a093-4d9e-b52a-404c5e2e650d,2025-11-16 05:36:03.068866+00:00,2025-11-16 05:36:03.267076+00:00
O-20251116-055916-001-000-160,BACKTESTER-001,TestSingleMakerStrategy-000,SOLUSDT-LINEAR.BYBIT,BYBIT-1-160,SOLUSDT-LINEAR.BYBIT-TestSingleMakerStrategy-000,BYBIT-001,BYBIT-1-149,LIMIT,BUY,1.0,141.450,GTC,,1.0,TAKER,141.32,-0.12999999999999545,['0.14132000 USDT'],FILLED,False,False,False,,NO_TRIGGER,,NO_CONTINGENCY,,,,,,,,c2abc610-c7af-439e-848c-f43c8f8820e6,2025-11-16 05:59:16.274585+00:00,2025-11-16 05:59:16.373792+00:00
O-20251116-055916-001-000-161,BACKTESTER-001,TestSingleMakerStrategy-000,SOLUSDT-LINEAR.BYBIT,BYBIT-1-161,SOLUSDT-LINEAR.BYBIT-TestSingleMakerStrategy-000,BYBIT-001,BYBIT-1-158,LIMIT,SELL,1.0,141.740,GTC,,1.0,MAKER,141.74,0.0,['0.14174000 USDT'],FILLED,False,False,False,,NO_TRIGGER,,NO_CONTINGENCY,,,,,,,,855445f0-e42f-416e-a43f-efb1a201c91d,2025-11-16 05:59:16.274585+00:00,2025-11-16 06:05:18.967955+00:00
O-20251116-055916-001-000-162,BACKTESTER-001,TestSingleMakerStrategy-000,SOLUSDT-LINEAR.BYBIT,BYBIT-1-162,SOLUSDT-LINEAR.BYBIT-TestSingleMakerStrategy-000,BYBIT-001,BYBIT-1-150,LIMIT,BUY,1.0,141.450,GTC,,1.0,TAKER,141.33,-0.11999999999997613,['0.14133000 USDT'],FILLED,False,False,False,,NO_TRIGGER,,NO_CONTINGENCY,,,,,,,,ac2b53b1-b69e-42c9-8c36-95a6fac656a2,2025-11-16 05:59:16.471389+00:00,2025-11-16 05:59:16.570913+00:00
O-20251116-055916-001-000-163,BACKTESTER-001,TestSingleMakerStrategy-000,SOLUSDT-LINEAR.BYBIT,BYBIT-1-163,SOLUSDT-LINEAR.BYBIT-TestSingleMakerStrategy-000,BYBIT-001,BYBIT-1-151,LIMIT,BUY,1.0,141.450,GTC,,1.0,TAKER,141.33,-0.11999999999997613,['0.14133000 USDT'],FILLED,False,False,False,,NO_TRIGGER,,NO_CONTINGENCY,,,,,,,,70d59c78-1566-4c9d-9ef4-24bee1eb2355,2025-11-16 05:59:16.672303+00:00,2025-11-16 05:59:16.771596+00:00
O-20251116-055916-001-000-164,BACKTESTER-001,TestSingleMakerStrategy-000,SOLUSDT-LINEAR.BYBIT,BYBIT-1-164,SOLUSDT-LINEAR.BYBIT-TestSingleMakerStrategy-000,BYBIT-001,BYBIT-1-152,LIMIT,BUY,1.0,141.450,GTC,,1.0,TAKER,141.33,-0.11999999999997613,['0.14133000 USDT'],FILLED,False,False,False,,NO_TRIGGER,,NO_CONTINGENCY,,,,,,,,2c8bdcca-1b3c-49ea-929d-302204ce2c78,2025-11-16 05:59:16.871249+00:00,2025-11-16 05:59:16.971314+00:00
O-20251116-055917-001-000-165,BACKTESTER-001,TestSingleMakerStrategy-000,SOLUSDT-LINEAR.BYBIT,BYBIT-1-165,SOLUSDT-LINEAR.BYBIT-TestSingleMakerStrategy-000,BYBIT-001,BYBIT-1-153,LIMIT,BUY,1.0,141.450,GTC,,1.0,TAKER,141.33,-0.11999999999997613,['0.14133000 USDT'],FILLED,False,False,False,,NO_TRIGGER,,NO_CONTINGENCY,,,,,,,,1c0624dd-4fe1-4803-b4e4-a3d8487f4b89,2025-11-16 05:59:17.071586+00:00,2025-11-16 05:59:17.171693+00:00
O-20251116-055917-001-000-166,BACKTESTER-001,TestSingleMakerStrategy-000,SOLUSDT-LINEAR.BYBIT,BYBIT-1-166,SOLUSDT-LINEAR.BYBIT-TestSingleMakerStrategy-000,BYBIT-001,BYBIT-1-154,LIMIT,BUY,1.0,141.450,GTC,,1.0,TAKER,141.33,-0.11999999999997613,['0.14133000 USDT'],FILLED,False,False,False,,NO_TRIGGER,,NO_CONTINGENCY,,,,,,,,cdf0bbd2-51d2-4e30-b5a1-77f4fbba7296,2025-11-16 05:59:17.270885+00:00,2025-11-16 05:59:17.371112+00:00
O-20251116-055917-001-000-167,BACKTESTER-001,TestSingleMakerStrategy-000,SOLUSDT-LINEAR.BYBIT,BYBIT-1-167,SOLUSDT-LINEAR.BYBIT-TestSingleMakerStrategy-000,BYBIT-001,BYBIT-1-155,LIMIT,BUY,1.0,141.450,GTC,,1.0,TAKER,141.33,-0.11999999999997613,['0.14133000 USDT'],FILLED,False,False,False,,NO_TRIGGER,,NO_CONTINGENCY,,,,,,,,1e1dc77d-bd2c-4de7-93d0-fc0a7f5d630a,2025-11-16 05:59:17.471339+00:00,2025-11-16 05:59:17.671240+00:00
O-20251116-055917-001-000-168,BACKTESTER-001,TestSingleMakerStrategy-000,SOLUSDT-LINEAR.BYBIT,BYBIT-1-168,SOLUSDT-LINEAR.BYBIT-TestSingleMakerStrategy-000,BYBIT-001,BYBIT-1-156,LIMIT,BUY,1.0,141.450,GTC,,1.0,TAKER,141.33,-0.11999999999997613,['0.14133000 USDT'],FILLED,False,False,False,,NO_TRIGGER,,NO_CONTINGENCY,,,,,,,,5bbf7676-5398-4f4c-aac8-91f21e320111,2025-11-16 05:59:17.771105+00:00,2025-11-16 05:59:17.871384+00:00
O-20251116-055917-001-000-169,BACKTESTER-001,TestSingleMakerStrategy-000,SOLUSDT-LINEAR.BYBIT,BYBIT-1-169,SOLUSDT-LINEAR.BYBIT-TestSingleMakerStrategy-000,BYBIT-001,BYBIT-1-157,LIMIT,BUY,1.0,141.450,GTC,,1.0,TAKER,141.33,-0.11999999999997613,['0.14133000 USDT'],FILLED,False,False,False,,NO_TRIGGER,,NO_CONTINGENCY,,,,,,,,5661b048-5414-43d4-9ca1-751f6a82d6b2,2025-11-16 05:59:17.971484+00:00,2025-11-16 05:59:18.071259+00:00
O-20251116-060518-001-000-171,BACKTESTER-001,TestSingleMakerStrategy-000,SOLUSDT-LINEAR.BYBIT,BYBIT-1-171,SOLUSDT-LINEAR.BYBIT-TestSingleMakerStrategy-000,BYBIT-001,BYBIT-1-159,LIMIT,SELL,1.0,141.610,GTC,,1.0,TAKER,141.74,-0.12999999999999545,['0.14174000 USDT'],FILLED,False,False,False,,NO_TRIGGER,,NO_CONTINGENCY,,,,,,,,b64f427a-f9f7-4185-8b8e-c7840b884659,2025-11-16 06:05:18.967955+00:00,2025-11-16 06:05:19.067489+00:00
O-20251116-060519-001-000-172,BACKTESTER-001,TestSingleMakerStrategy-000,SOLUSDT-LINEAR.BYBIT,BYBIT-1-172,SOLUSDT-LINEAR.BYBIT-TestSingleMakerStrategy-000,BYBIT-001,BYBIT-1-160,LIMIT,SELL,1.0,141.610,GTC,,1.0,TAKER,141.75,-0.13999999999998636,['0.14175000 USDT'],FILLED,False,False,False,,NO_TRIGGER,,NO_CONTINGENCY,,,,,,,,522d609e-6845-42c1-abd7-1de3f11450ae,2025-11-16 06:05:19.168139+00:00,2025-11-16 06:05:19.267237+00:00
O-20251116-060519-001-000-173,BACKTESTER-001,TestSingleMakerStrategy-000,SOLUSDT-LINEAR.BYBIT,BYBIT-1-173,SOLUSDT-LINEAR.BYBIT-TestSingleMakerStrategy-000,BYBIT-001,BYBIT-1-161,LIMIT,SELL,1.0,141.610,GTC,,1.0,TAKER,141.75,-0.13999999999998636,['0.14175000 USDT'],FILLED,False,False,False,,NO_TRIGGER,,NO_CONTINGENCY,,,,,,,,fc1084e8-bdcf-4e16-87ee-e414f446734e,2025-11-16 06:05:19.369981+00:00,2025-11-16 06:05:19.468930+00:00
O-20251116-060519-001-000-174,BACKTESTER-001,TestSingleMakerStrategy-000,SOLUSDT-LINEAR.BYBIT,BYBIT-1-174,SOLUSDT-LINEAR.BYBIT-TestSingleMakerStrategy-000,BYBIT-001,BYBIT-1-162,LIMIT,SELL,1.0,141.610,GTC,,1.0,TAKER,141.75,-0.13999999999998636,['0.14175000 USDT'],FILLED,False,False,False,,NO_TRIGGER,,NO_CONTINGENCY,,,,,,,,c8950732-09c7-4be8-bc88-508a82ce27a0,2025-11-16 06:05:19.568260+00:00,2025-11-16 06:05:19.667546+00:00
O-20251116-060519-001-000-175,BACKTESTER-001,TestSingleMakerStrategy-000,SOLUSDT-LINEAR.BYBIT,BYBIT-1-175,SOLUSDT-LINEAR.BYBIT-TestSingleMakerStrategy-000,BYBIT-001,BYBIT-1-163,LIMIT,SELL,1.0,141.610,GTC,,1.0,TAKER,141.75,-0.13999999999998636,['0.14175000 USDT'],FILLED,False,False,False,,NO_TRIGGER,,NO_CONTINGENCY,,,,,,,,4ab072d7-ae32-4e60-af5d-c20fa6b4057a,2025-11-16 06:05:19.768053+00:00,2025-11-16 06:05:19.868048+00:00
O-20251116-060520-001-000-176,BACKTESTER-001,TestSingleMakerStrategy-000,SOLUSDT-LINEAR.BYBIT,BYBIT-1-176,SOLUSDT-LINEAR.BYBIT-TestSingleMakerStrategy-000,BYBIT-001,BYBIT-1-164,LIMIT,SELL,1.0,141.610,GTC,,1.0,TAKER,141.75,-0.13999999999998636,['0.14175000 USDT'],FILLED,False,False,False,,NO_TRIGGER,,NO_CONTINGENCY,,,,,,,,dabfe241-a42b-489e-b314-e8ce6758ec07,2025-11-16 06:05:20.067541+00:00,2025-11-16 06:05:20.167470+00:00
O-20251116-060520-001-000-177,BACKTESTER-001,TestSingleMakerStrategy-000,SOLUSDT-LINEAR.BYBIT,BYBIT-1-177,SOLUSDT-LINEAR.BYBIT-TestSingleMakerStrategy-000,BYBIT-001,BYBIT-1-165,LIMIT,SELL,1.0,141.610,GTC,,1.0,TAKER,141.75,-0.13999999999998636,['0.14175000 USDT'],FILLED,False,False,False,,NO_TRIGGER,,NO_CONTINGENCY,,,,,,,,5f7ca3ef-c15d-4238-a507-bd366c1d93ed,2025-11-16 06:05:20.369554+00:00,2025-11-16 06:05:20.467604+00:00
O-20251116-060520-001-000-178,BACKTESTER-001,TestSingleMakerStrategy-000,SOLUSDT-LINEAR.BYBIT,BYBIT-1-178,SOLUSDT-LINEAR.BYBIT-TestSingleMakerStrategy-000,BYBIT-001,BYBIT-1-166,LIMIT,SELL,1.0,141.610,GTC,,1.0,TAKER,141.75,-0.13999999999998636,['0.14175000 USDT'],FILLED,False,False,False,,NO_TRIGGER,,NO_CONTINGENCY,,,,,,,,d9479df9-e34d-49c4-86ca-80a8c065797d,2025-11-16 06:05:20.567692+00:00,2025-11-16 06:05:20.767259+00:00
O-20251116-060520-001-000-179,BACKTESTER-001,TestSingleMakerStrategy-000,SOLUSDT-LINEAR.BYBIT,BYBIT-1-179,SOLUSDT-LINEAR.BYBIT-TestSingleMakerStrategy-000,BYBIT-001,BYBIT-1-167,LIMIT,SELL,1.0,141.620,GTC,,1.0,TAKER,141.75,-0.12999999999999545,['0.14175000 USDT'],FILLED,False,False,False,,NO_TRIGGER,,NO_CONTINGENCY,,,,,,,,d9f067c6-3b01-4987-9cad-69f211b92551,2025-11-16 06:05:20.867494+00:00,2025-11-16 06:05:20.967464+00:00
O-20251116-061242-001-000-181,BACKTESTER-001,TestSingleMakerStrategy-000,SOLUSDT-LINEAR.BYBIT,BYBIT-1-181,SOLUSDT-LINEAR.BYBIT-TestSingleMakerStrategy-000,BYBIT-001,BYBIT-1-168,LIMIT,BUY,1.0,141.750,GTC,,1.0,MAKER,141.75,0.0,['0.14175000 USDT'],FILLED,False,False,False,,NO_TRIGGER,,NO_CONTINGENCY,,,,,,,,4f91a13b-74df-4e70-82a1-a292d2b3a852,2025-11-16 06:12:42.562787+00:00,2025-11-16 06:57:11.048325+00:00
O-20251116-065711-001-000-182,BACKTESTER-001,TestSingleMakerStrategy-000,SOLUSDT-LINEAR.BYBIT,BYBIT-1-182,SOLUSDT-LINEAR.BYBIT-TestSingleMakerStrategy-000,BYBIT-001,BYBIT-1-169,LIMIT,BUY,1.0,141.840,GTC,,1.0,TAKER,141.75,-0.09000000000000341,['0.14175000 USDT'],FILLED,False,False,False,,NO_TRIGGER,,NO_CONTINGENCY,,,,,,,,148c8336-91d5-4476-ad66-6dd25b586395,2025-11-16 06:57:11.048325+00:00,2025-11-16 06:57:11.147583+00:00
O-20251116-065711-001-000-184,BACKTESTER-001,TestSingleMakerStrategy-000,SOLUSDT-LINEAR.BYBIT,BYBIT-1-184,SOLUSDT-LINEAR.BYBIT-TestSingleMakerStrategy-000,BYBIT-001,BYBIT-1-170,LIMIT,BUY,1.0,141.840,GTC,,1.0,TAKER,141.75,-0.09000000000000341,['0.14175000 USDT'],FILLED,False,False,False,,NO_TRIGGER,,NO_CONTINGENCY,,,,,,,,3fd9e9bd-6afd-4573-bd58-b54595d20d3c,2025-11-16 06:57:11.246952+00:00,2025-11-16 06:57:11.346290+00:00
O-20251116-065711-001-000-185,BACKTESTER-001,TestSingleMakerStrategy-000,SOLUSDT-LINEAR.BYBIT,BYBIT-1-185,SOLUSDT-LINEAR.BYBIT-TestSingleMakerStrategy-000,BYBIT-001,BYBIT-1-171,LIMIT,BUY,1.0,141.840,GTC,,1.0,TAKER,141.75,-0.09000000000000341,['0.14175000 USDT'],FILLED,False,False,False,,NO_TRIGGER,,NO_CONTINGENCY,,,,,,,,525762be-6e00-49b5-838e-5334c4decfe3,2025-11-16 06:57:11.446552+00:00,2025-11-16 06:57:11.546020+00:00
O-20251116-065711-001-000-186,BACKTESTER-001,TestSingleMakerStrategy-000,SOLUSDT-LINEAR.BYBIT,BYBIT-1-186,SOLUSDT-LINEAR.BYBIT-TestSingleMakerStrategy-000,BYBIT-001,BYBIT-1-172,LIMIT,BUY,1.0,141.840,GTC,,1.0,TAKER,141.74,-0.09999999999999432,['0.14174000 USDT'],FILLED,False,False,False,,NO_TRIGGER,,NO_CONTINGENCY,,,,,,,,837330dd-740c-4ded-af03-5d57a22675dc,2025-11-16 06:57:11.646217+00:00,2025-11-16 06:57:11.746550+00:00
O-20251116-065711-001-000-187,BACKTESTER-001,TestSingleMakerStrategy-000,SOLUSDT-LINEAR.BYBIT,BYBIT-1-187,SOLUSDT-LINEAR.BYBIT-TestSingleMakerStrategy-000,BYBIT-001,BYBIT-1-173,LIMIT,BUY,1.0,141.840,GTC,,1.0,TAKER,141.74,-0.09999999999999432,['0.14174000 USDT'],FILLED,False,False,False,,NO_TRIGGER,,NO_CONTINGENCY,,,,,,,,eec8e82a-377b-4d70-9ab8-3ad163306751,2025-11-16 06:57:11.846622+00:00,2025-11-16 06:57:11.946524+00:00
O-20251116-065712-001-000-188,BACKTESTER-001,TestSingleMakerStrategy-000,SOLUSDT-LINEAR.BYBIT,BYBIT-1-188,SOLUSDT-LINEAR.BYBIT-TestSingleMakerStrategy-000,BYBIT-001,BYBIT-1-174,LIMIT,BUY,1.0,141.840,GTC,,1.0,TAKER,141.74,-0.09999999999999432,['0.14174000 USDT'],FILLED,False,False,False,,NO_TRIGGER,,NO_CONTINGENCY,,,,,,,,848e7033-6c22-42b8-89d8-bc54c1557a6e,2025-11-16 06:57:12.047150+00:00,2025-11-16 06:57:12.147850+00:00
O-20251116-065712-001-000-189,BACKTESTER-001,TestSingleMakerStrategy-000,SOLUSDT-LINEAR.BYBIT,BYBIT-1-189,SOLUSDT-LINEAR.BYBIT-TestSingleMakerStrategy-000,BYBIT-001,BYBIT-1-175,LIMIT,BUY,1.0,141.840,GTC,,1.0,TAKER,141.74,-0.09999999999999432,['0.14174000 USDT'],FILLED,False,False,False,,NO_TRIGGER,,NO_CONTINGENCY,,,,,,,,7b2cd565-655f-4fed-a458-adfe7e8a2e90,2025-11-16 06:57:12.346606+00:00,2025-11-16 06:57:12.446793+00:00
O-20251116-065712-001-000-190,BACKTESTER-001,TestSingleMakerStrategy-000,SOLUSDT-LINEAR.BYBIT,BYBIT-1-190,SOLUSDT-LINEAR.BYBIT-TestSingleMakerStrategy-000,BYBIT-001,BYBIT-1-176,LIMIT,BUY,1.0,141.840,GTC,,1.0,TAKER,141.74,-0.09999999999999432,['0.14174000 USDT'],FILLED,False,False,False,,NO_TRIGGER,,NO_CONTINGENCY,,,,,,,,548aac71-a6ef-4569-b447-24f954de0999,2025-11-16 06:57:12.647133+00:00,2025-11-16 06:57:12.745903+00:00
O-20251116-065712-001-000-191,BACKTESTER-001,TestSingleMakerStrategy-000,SOLUSDT-LINEAR.BYBIT,BYBIT-1-191,SOLUSDT-LINEAR.BYBIT-TestSingleMakerStrategy-000,BYBIT-001,BYBIT-1-177,LIMIT,BUY,1.0,141.840,GTC,,1.0,TAKER,141.74,-0.09999999999999432,['0.14174000 USDT'],FILLED,False,False,False,,NO_TRIGGER,,NO_CONTINGENCY,,,,,,,,b9b05e8a-73e0-4b7a-99a3-84a8bf174353,2025-11-16 06:57:12.846181+00:00,2025-11-16 06:57:12.946242+00:00
O-20251116-065957-001-000-192,BACKTESTER-001,TestSingleMakerStrategy-000,SOLUSDT-LINEAR.BYBIT,BYBIT-1-192,SOLUSDT-LINEAR.BYBIT-TestSingleMakerStrategy-000,BYBIT-001,BYBIT-1-178,LIMIT,SELL,1.0,141.910,GTC,,1.0,MAKER,141.91,0.0,['0.14191000 USDT'],FILLED,False,False,False,,NO_TRIGGER,,NO_CONTINGENCY,,,,,,,,3a6a668c-e05d-432c-a8a9-9a55774659f0,2025-11-16 06:59:57.547889+00:00,2025-11-16 07:10:03.152693+00:00
O-20251116-071003-001-000-193,BACKTESTER-001,TestSingleMakerStrategy-000,SOLUSDT-LINEAR.BYBIT,BYBIT-1-193,SOLUSDT-LINEAR.BYBIT-TestSingleMakerStrategy-000,BYBIT-001,BYBIT-1-188,LIMIT,BUY,1.0,141.480,GTC,,1.0,MAKER,141.48,0.0,['0.14148000 USDT'],FILLED,False,False,False,,NO_TRIGGER,,NO_CONTINGENCY,,,,,,,,541113bf-dc29-4b13-9b17-35ff10e092ae,2025-11-16 07:10:03.152693+00:00,2025-11-16 07:16:04.054373+00:00
O-20251116-071003-001-000-194,BACKTESTER-001,TestSingleMakerStrategy-000,SOLUSDT-LINEAR.BYBIT,BYBIT-1-194,SOLUSDT-LINEAR.BYBIT-TestSingleMakerStrategy-000,BYBIT-001,BYBIT-1-179,LIMIT,SELL,1.0,141.760,GTC,,1.0,TAKER,141.92,-0.1599999999999966,['0.14192000 USDT'],FILLED,False,False,False,,NO_TRIGGER,,NO_CONTINGENCY,,,,,,,,774ecb9b-9ff0-439d-aace-d80f8afccc43,2025-11-16 07:10:03.152693+00:00,2025-11-16 07:10:03.252046+00:00
O-20251116-071003-001-000-195,BACKTESTER-001,TestSingleMakerStrategy-000,SOLUSDT-LINEAR.BYBIT,BYBIT-1-195,SOLUSDT-LINEAR.BYBIT-TestSingleMakerStrategy-000,BYBIT-001,BYBIT-1-180,LIMIT,SELL,1.0,141.770,GTC,,1.0,TAKER,141.93,-0.1599999999999966,['0.14193000 USDT'],FILLED,False,False,False,,NO_TRIGGER,,NO_CONTINGENCY,,,,,,,,40d8c286-6f00-4ea7-b2b7-10882200aa62,2025-11-16 07:10:03.353920+00:00,2025-11-16 07:10:03.452368+00:00
O-20251116-071003-001-000-196,BACKTESTER-001,TestSingleMakerStrategy-000,SOLUSDT-LINEAR.BYBIT,BYBIT-1-196,SOLUSDT-LINEAR.BYBIT-TestSingleMakerStrategy-000,BYBIT-001,BYBIT-1-181,LIMIT,SELL,1.0,141.770,GTC,,1.0,TAKER,141.93,-0.1599999999999966,['0.14193000 USDT'],FILLED,False,False,False,,NO_TRIGGER,,NO_CONTINGENCY,,,,,,,,0f55602a-10aa-474f-b066-31ff8fa6e870,2025-11-16 07:10:03.652024+00:00,2025-11-16 07:10:03.752358+00:00
O-20251116-071003-001-000-197,BACKTESTER-001,TestSingleMakerStrategy-000,SOLUSDT-LINEAR.BYBIT,BYBIT-1-197,SOLUSDT-LINEAR.BYBIT-TestSingleMakerStrategy-000,BYBIT-001,BYBIT-1-182,LIMIT,SELL,1.0,141.770,GTC,,1.0,TAKER,141.94,-0.1699999999999875,['0.14194000 USDT'],FILLED,False,False,False,,NO_TRIGGER,,NO_CONTINGENCY,,,,,,,,a07bb6fa-56ac-45f9-8d3d-c01d2893a2ad,2025-11-16 07:10:03.952672+00:00,2025-11-16 07:10:04.151397+00:00
O-20251116-071004-001-000-198,BACKTESTER-001,TestSingleMakerStrategy-000,SOLUSDT-LINEAR.BYBIT,BYBIT-1-198,SOLUSDT-LINEAR.BYBIT-TestSingleMakerStrategy-000,BYBIT-001,BYBIT-1-183,LIMIT,SELL,1.0,141.770,GTC,,1.0,TAKER,141.94,-0.1699999999999875,['0.14194000 USDT'],FILLED,False,False,False,,NO_TRIGGER,,NO_CONTINGENCY,,,,,,,,f62df784-a4df-4396-bb35-e5292cfe0973,2025-11-16 07:10:04.254252+00:00,2025-11-16 07:10:04.451923+00:00
O-20251116-071004-001-000-199,BACKTESTER-001,TestSingleMakerStrategy-000,SOLUSDT-LINEAR.BYBIT,BYBIT-1-199,SOLUSDT-LINEAR.BYBIT-TestSingleMakerStrategy-000,BYBIT-001,BYBIT-1-184,LIMIT,SELL,1.0,141.770,GTC,,1.0,TAKER,141.94,-0.1699999999999875,['0.14194000 USDT'],FILLED,False,False,False,,NO_TRIGGER,,NO_CONTINGENCY,,,,,,,,f0028fd7-88e5-4864-a3e0-19178d09f0cd,2025-11-16 07:10:04.552480+00:00,2025-11-16 07:10:04.651697+00:00
O-20251116-071004-001-000-200,BACKTESTER-001,TestSingleMakerStrategy-000,SOLUSDT-LINEAR.BYBIT,BYBIT-1-200,SOLUSDT-LINEAR.BYBIT-TestSingleMakerStrategy-000,BYBIT-001,BYBIT-1-185,LIMIT,SELL,1.0,141.770,GTC,,1.0,TAKER,141.94,-0.1699999999999875,['0.14194000 USDT'],FILLED,False,False,False,,NO_TRIGGER,,NO_CONTINGENCY,,,,,,,,5cdca0ef-4b98-414f-9326-b7c361938563,2025-11-16 07:10:04.752281+00:00,2025-11-16 07:10:04.851948+00:00
O-20251116-071004-001-000-201,BACKTESTER-001,TestSingleMakerStrategy-000,SOLUSDT-LINEAR.BYBIT,BYBIT-1-201,SOLUSDT-LINEAR.BYBIT-TestSingleMakerStrategy-000,BYBIT-001,BYBIT-1-186,LIMIT,SELL,1.0,141.770,GTC,,1.0,TAKER,141.94,-0.1699999999999875,['0.14194000 USDT'],FILLED,False,False,False,,NO_TRIGGER,,NO_CONTINGENCY,,,,,,,,0d5d1adb-59f6-4936-8c41-76268f022750,2025-11-16 07:10:04.951622+00:00,2025-11-16 07:10:05.052653+00:00
O-20251116-071005-001-000-202,BACKTESTER-001,TestSingleMakerStrategy-000,SOLUSDT-LINEAR.BYBIT,BYBIT-1-202,SOLUSDT-LINEAR.BYBIT-TestSingleMakerStrategy-000,BYBIT-001,BYBIT-1-187,LIMIT,SELL,1.0,141.770,GTC,,1.0,TAKER,141.94,-0.1699999999999875,['0.14194000 USDT'],FILLED,False,False,False,,NO_TRIGGER,,NO_CONTINGENCY,,,,,,,,ed42acf1-49ac-4633-b299-8078245f314e,2025-11-16 07:10:05.152350+00:00,2025-11-16 07:10:05.254724+00:00
O-20251116-071604-001-000-203,BACKTESTER-001,TestSingleMakerStrategy-000,SOLUSDT-LINEAR.BYBIT,BYBIT-1-203,SOLUSDT-LINEAR.BYBIT-TestSingleMakerStrategy-000,BYBIT-001,BYBIT-1-189,LIMIT,BUY,1.0,141.570,GTC,,1.0,TAKER,141.46,-0.10999999999998522,['0.14146000 USDT'],FILLED,False,False,False,,NO_TRIGGER,,NO_CONTINGENCY,,,,,,,,a74577a2-2afb-4e75-8199-4d93bf340526,2025-11-16 07:16:04.054373+00:00,2025-11-16 07:16:04.153780+00:00
O-20251116-071604-001-000-205,BACKTESTER-001,TestSingleMakerStrategy-000,SOLUSDT-LINEAR.BYBIT,BYBIT-1-205,SOLUSDT-LINEAR.BYBIT-TestSingleMakerStrategy-000,BYBIT-001,BYBIT-1-190,LIMIT,BUY,1.0,141.570,GTC,,1.0,TAKER,141.43,-0.13999999999998636,['0.14143000 USDT'],FILLED,False,False,False,,NO_TRIGGER,,NO_CONTINGENCY,,,,,,,,9ebc254e-2992-4948-bc14-b4660428ec9a,2025-11-16 07:16:04.254338+00:00,2025-11-16 07:16:04.354540+00:00
O-20251116-071604-001-000-206,BACKTESTER-001,TestSingleMakerStrategy-000,SOLUSDT-LINEAR.BYBIT,BYBIT-1-206,SOLUSDT-LINEAR.BYBIT-TestSingleMakerStrategy-000,BYBIT-001,BYBIT-1-191,LIMIT,BUY,1.0,141.560,GTC,,1.0,TAKER,141.43,-0.12999999999999545,['0.14143000 USDT'],FILLED,False,False,False,,NO_TRIGGER,,NO_CONTINGENCY,,,,,,,,f70c5bbe-4afe-4b2f-ac21-1cb646a6786b,2025-11-16 07:16:04.455347+00:00,2025-11-16 07:16:04.554544+00:00
O-20251116-071604-001-000-207,BACKTESTER-001,TestSingleMakerStrategy-000,SOLUSDT-LINEAR.BYBIT,BYBIT-1-207,SOLUSDT-LINEAR.BYBIT-TestSingleMakerStrategy-000,BYBIT-001,BYBIT-1-192,LIMIT,BUY,1.0,141.560,GTC,,1.0,TAKER,141.43,-0.12999999999999545,['0.14143000 USDT'],FILLED,False,False,False,,NO_TRIGGER,,NO_CONTINGENCY,,,,,,,,a4ccac0d-290e-4ae5-940c-a778cf71de53,2025-11-16 07:16:04.655130+00:00,2025-11-16 07:16:04.756769+00:00
O-20251116-071604-001-000-208,BACKTESTER-001,TestSingleMakerStrategy-000,SOLUSDT-LINEAR.BYBIT,BYBIT-1-208,SOLUSDT-LINEAR.BYBIT-TestSingleMakerStrategy-000,BYBIT-001,BYBIT-1-193,LIMIT,BUY,1.0,141.560,GTC,,1.0,TAKER,141.43,-0.12999999999999545,['0.14143000 USDT'],FILLED,False,False,False,,NO_TRIGGER,,NO_CONTINGENCY,,,,,,,,e3c26a87-0eca-42ed-b1a3-674b8f852b1c,2025-11-16 07:16:04.854412+00:00,2025-11-16 07:16:04.954711+00:00
O-20251116-071605-001-000-209,BACKTESTER-001,TestSingleMakerStrategy-000,SOLUSDT-LINEAR.BYBIT,BYBIT-1-209,SOLUSDT-LINEAR.BYBIT-TestSingleMakerStrategy-000,BYBIT-001,BYBIT-1-194,LIMIT,BUY,1.0,141.560,GTC,,1.0,TAKER,141.43,-0.12999999999999545,['0.14143000 USDT'],FILLED,False,False,False,,NO_TRIGGER,,NO_CONTINGENCY,,,,,,,,6a38d5bd-22ba-4797-858f-e1e25fb908e8,2025-11-16 07:16:05.054135+00:00,2025-11-16 07:16:05.155500+00:00
O-20251116-071605-001-000-210,BACKTESTER-001,TestSingleMakerStrategy-000,SOLUSDT-LINEAR.BYBIT,BYBIT-1-210,SOLUSDT-LINEAR.BYBIT-TestSingleMakerStrategy-000,BYBIT-001,BYBIT-1-195,LIMIT,BUY,1.0,141.560,GTC,,1.0,TAKER,141.43,-0.12999999999999545,['0.14143000 USDT'],FILLED,False,False,False,,NO_TRIGGER,,NO_CONTINGENCY,,,,,,,,485a601c-44ac-4348-a7a5-c82e5b53ad74,2025-11-16 07:16:05.556567+00:00,2025-11-16 07:16:06.054526+00:00
O-20251116-071606-001-000-211,BACKTESTER-001,TestSingleMakerStrategy-000,SOLUSDT-LINEAR.BYBIT,BYBIT-1-211,SOLUSDT-LINEAR.BYBIT-TestSingleMakerStrategy-000,BYBIT-001,BYBIT-1-196,LIMIT,BUY,1.0,141.560,GTC,,1.0,TAKER,141.43,-0.12999999999999545,['0.14143000 USDT'],FILLED,False,False,False,,NO_TRIGGER,,NO_CONTINGENCY,,,,,,,,32e91bb2-4ddd-49c0-ad45-e8b25cc45560,2025-11-16 07:16:06.354701+00:00,2025-11-16 07:16:06.554815+00:00
O-20251116-071606-001-000-212,BACKTESTER-001,TestSingleMakerStrategy-000,SOLUSDT-LINEAR.BYBIT,BYBIT-1-212,SOLUSDT-LINEAR.BYBIT-TestSingleMakerStrategy-000,BYBIT-001,BYBIT-1-197,LIMIT,BUY,1.0,141.560,GTC,,1.0,TAKER,141.43,-0.12999999999999545,['0.14143000 USDT'],FILLED,False,False,False,,NO_TRIGGER,,NO_CONTINGENCY,,,,,,,,ffd6ddb7-8c88-4d93-bdfe-7b1ccad33fc4,2025-11-16 07:16:06.654712+00:00,2025-11-16 07:16:06.755051+00:00
O-20251116-072531-001-000-213,BACKTESTER-001,TestSingleMakerStrategy-000,SOLUSDT-LINEAR.BYBIT,BYBIT-1-213,SOLUSDT-LINEAR.BYBIT-TestSingleMakerStrategy-000,BYBIT-001,BYBIT-1-198,LIMIT,SELL,1.0,141.640,GTC,,1.0,MAKER,141.64,0.0,['0.14164000 USDT'],FILLED,False,False,False,,NO_TRIGGER,,NO_CONTINGENCY,,,,,,,,9577e749-888d-4ddb-8d49-b66f22f25ef0,2025-11-16 07:25:31.159019+00:00,2025-11-16 07:37:07.363704+00:00
O-20251116-073707-001-000-215,BACKTESTER-001,TestSingleMakerStrategy-000,SOLUSDT-LINEAR.BYBIT,BYBIT-1-215,SOLUSDT-LINEAR.BYBIT-TestSingleMakerStrategy-000,BYBIT-001,BYBIT-1-199,LIMIT,SELL,1.0,141.580,GTC,,1.0,TAKER,141.64,-0.05999999999997385,['0.14164000 USDT'],FILLED,False,False,False,,NO_TRIGGER,,NO_CONTINGENCY,,,,,,,,f245eb45-f999-4ae4-9b6d-8e472b23ec7e,2025-11-16 07:37:07.363704+00:00,2025-11-16 07:37:07.463437+00:00
O-20251116-073707-001-000-216,BACKTESTER-001,TestSingleMakerStrategy-000,SOLUSDT-LINEAR.BYBIT,BYBIT-1-216,SOLUSDT-LINEAR.BYBIT-TestSingleMakerStrategy-000,BYBIT-001,BYBIT-1-200,LIMIT,SELL,1.0,141.580,GTC,,1.0,TAKER,141.64,-0.05999999999997385,['0.14164000 USDT'],FILLED,False,False,False,,NO_TRIGGER,,NO_CONTINGENCY,,,,,,,,0251163d-7692-4496-9c93-e39f512cfabf,2025-11-16 07:37:07.563448+00:00,2025-11-16 07:37:07.663417+00:00
O-20251116-073707-001-000-217,BACKTESTER-001,TestSingleMakerStrategy-000,SOLUSDT-LINEAR.BYBIT,BYBIT-1-217,SOLUSDT-LINEAR.BYBIT-TestSingleMakerStrategy-000,BYBIT-001,BYBIT-1-201,LIMIT,SELL,1.0,141.580,GTC,,1.0,TAKER,141.64,-0.05999999999997385,['0.14164000 USDT'],FILLED,False,False,False,,NO_TRIGGER,,NO_CONTINGENCY,,,,,,,,8bc54fbf-d4e2-48f3-8586-b8d933c700f1,2025-11-16 07:37:07.766237+00:00,2025-11-16 07:37:07.863782+00:00
O-20251116-073707-001-000-218,BACKTESTER-001,TestSingleMakerStrategy-000,SOLUSDT-LINEAR.BYBIT,BYBIT-1-218,SOLUSDT-LINEAR.BYBIT-TestSingleMakerStrategy-000,BYBIT-001,BYBIT-1-202,LIMIT,SELL,1.0,141.580,GTC,,1.0,TAKER,141.64,-0.05999999999997385,['0.14164000 USDT'],FILLED,False,False,False,,NO_TRIGGER,,NO_CONTINGENCY,,,,,,,,6fde3111-9c87-4a1e-b277-c806b84aad91,2025-11-16 07:37:07.964041+00:00,2025-11-16 07:37:08.063260+00:00
O-20251116-073708-001-000-219,BACKTESTER-001,TestSingleMakerStrategy-000,SOLUSDT-LINEAR.BYBIT,BYBIT-1-219,SOLUSDT-LINEAR.BYBIT-TestSingleMakerStrategy-000,BYBIT-001,BYBIT-1-203,LIMIT,SELL,1.0,141.580,GTC,,1.0,TAKER,141.65,-0.06999999999999318,['0.14165000 USDT'],FILLED,False,False,False,,NO_TRIGGER,,NO_CONTINGENCY,,,,,,,,99f53bc1-bc98-4f02-b665-9f65e2ede4e3,2025-11-16 07:37:08.163374+00:00,2025-11-16 07:37:08.263766+00:00
O-20251116-073708-001-000-220,BACKTESTER-001,TestSingleMakerStrategy-000,SOLUSDT-LINEAR.BYBIT,BYBIT-1-220,SOLUSDT-LINEAR.BYBIT-TestSingleMakerStrategy-000,BYBIT-001,BYBIT-1-204,LIMIT,SELL,1.0,141.580,GTC,,1.0,TAKER,141.65,-0.06999999999999318,['0.14165000 USDT'],FILLED,False,False,False,,NO_TRIGGER,,NO_CONTINGENCY,,,,,,,,be157668-e5a9-49f0-8fb4-72cb55c33e0a,2025-11-16 07:37:08.364138+00:00,2025-11-16 07:37:08.462913+00:00
O-20251116-073708-001-000-221,BACKTESTER-001,TestSingleMakerStrategy-000,SOLUSDT-LINEAR.BYBIT,BYBIT-1-221,SOLUSDT-LINEAR.BYBIT-TestSingleMakerStrategy-000,BYBIT-001,BYBIT-1-205,LIMIT,SELL,1.0,141.580,GTC,,1.0,TAKER,141.65,-0.06999999999999318,['0.14165000 USDT'],FILLED,False,False,False,,NO_TRIGGER,,NO_CONTINGENCY,,,,,,,,c4263096-822b-4c3d-b14e-5f02190acae6,2025-11-16 07:37:08.663189+00:00,2025-11-16 07:37:08.764208+00:00
O-20251116-073708-001-000-222,BACKTESTER-001,TestSingleMakerStrategy-000,SOLUSDT-LINEAR.BYBIT,BYBIT-1-222,SOLUSDT-LINEAR.BYBIT-TestSingleMakerStrategy-000,BYBIT-001,BYBIT-1-206,LIMIT,SELL,1.0,141.580,GTC,,1.0,TAKER,141.65,-0.06999999999999318,['0.14165000 USDT'],FILLED,False,False,False,,NO_TRIGGER,,NO_CONTINGENCY,,,,,,,,c32bc389-a3fd-4f8c-83a4-ab32aaa31e9a,2025-11-16 07:37:08.963694+00:00,2025-11-16 07:37:09.063874+00:00
O-20251116-073709-001-000-223,BACKTESTER-001,TestSingleMakerStrategy-000,SOLUSDT-LINEAR.BYBIT,BYBIT-1-223,SOLUSDT-LINEAR.BYBIT-TestSingleMakerStrategy-000,BYBIT-001,BYBIT-1-207,LIMIT,SELL,1.0,141.580,GTC,,1.0,TAKER,141.65,-0.06999999999999318,['0.14165000 USDT'],FILLED,False,False,False,,NO_TRIGGER,,NO_CONTINGENCY,,,,,,,,85522355-0613-4aa6-b09e-ee3c8f81f087,2025-11-16 07:37:09.164165+00:00,2025-11-16 07:37:09.263710+00:00
O-20251116-080256-001-000-227,BACKTESTER-001,TestSingleMakerStrategy-000,SOLUSDT-LINEAR.BYBIT,BYBIT-1-227,SOLUSDT-LINEAR.BYBIT-TestSingleMakerStrategy-000,BYBIT-001,BYBIT-1-208,LIMIT,BUY,1.0,142.150,GTC,,1.0,TAKER,142.13,-0.020000000000010232,['0.14213000 USDT'],FILLED,False,False,False,,NO_TRIGGER,,NO_CONTINGENCY,,,,,,,,d9b5b638-7638-42e9-a190-7dbb5bbdffde,2025-11-16 08:02:56.374865+00:00,2025-11-16 08:02:56.474491+00:00
O-20251116-080256-001-000-228,BACKTESTER-001,TestSingleMakerStrategy-000,SOLUSDT-LINEAR.BYBIT,BYBIT-1-228,SOLUSDT-LINEAR.BYBIT-TestSingleMakerStrategy-000,BYBIT-001,BYBIT-1-209,LIMIT,BUY,1.0,142.150,GTC,,1.0,TAKER,142.13,-0.020000000000010232,['0.14213000 USDT'],FILLED,False,False,False,,NO_TRIGGER,,NO_CONTINGENCY,,,,,,,,7a07a495-ae53-4ba5-a79a-20a4e0f5913e,2025-11-16 08:02:56.575259+00:00,2025-11-16 08:02:56.675808+00:00
O-20251116-080256-001-000-230,BACKTESTER-001,TestSingleMakerStrategy-000,SOLUSDT-LINEAR.BYBIT,BYBIT-1-230,SOLUSDT-LINEAR.BYBIT-TestSingleMakerStrategy-000,BYBIT-001,BYBIT-1-210,LIMIT,BUY,1.0,142.150,GTC,,1.0,TAKER,142.13,-0.020000000000010232,['0.14213000 USDT'],FILLED,False,False,False,,NO_TRIGGER,,NO_CONTINGENCY,,,,,,,,2ae8ade0-2ec3-4a5e-a61e-32378a25488a,2025-11-16 08:02:56.774691+00:00,2025-11-16 08:02:56.875204+00:00
O-20251116-080256-001-000-231,BACKTESTER-001,TestSingleMakerStrategy-000,SOLUSDT-LINEAR.BYBIT,BYBIT-1-231,SOLUSDT-LINEAR.BYBIT-TestSingleMakerStrategy-000,BYBIT-001,BYBIT-1-211,LIMIT,BUY,1.0,142.150,GTC,,1.0,TAKER,142.13,-0.020000000000010232,['0.14213000 USDT'],FILLED,False,False,False,,NO_TRIGGER,,NO_CONTINGENCY,,,,,,,,f65bf073-cff9-4bc1-8d41-92e2f34a2b79,2025-11-16 08:02:56.975161+00:00,2025-11-16 08:02:57.077507+00:00
O-20251116-080257-001-000-232,BACKTESTER-001,TestSingleMakerStrategy-000,SOLUSDT-LINEAR.BYBIT,BYBIT-1-232,SOLUSDT-LINEAR.BYBIT-TestSingleMakerStrategy-000,BYBIT-001,BYBIT-1-212,LIMIT,BUY,1.0,142.150,GTC,,1.0,TAKER,142.13,-0.020000000000010232,['0.14213000 USDT'],FILLED,False,False,False,,NO_TRIGGER,,NO_CONTINGENCY,,,,,,,,2c65c86f-57cc-4f5c-b511-bc131deb33fd,2025-11-16 08:02:57.175541+00:00,2025-11-16 08:02:57.274931+00:00
O-20251116-080257-001-000-233,BACKTESTER-001,TestSingleMakerStrategy-000,SOLUSDT-LINEAR.BYBIT,BYBIT-1-233,SOLUSDT-LINEAR.BYBIT-TestSingleMakerStrategy-000,BYBIT-001,BYBIT-1-213,LIMIT,BUY,1.0,142.150,GTC,,1.0,TAKER,142.13,-0.020000000000010232,['0.14213000 USDT'],FILLED,False,False,False,,NO_TRIGGER,,NO_CONTINGENCY,,,,,,,,e1c25cba-01b2-421c-a77e-16eb78f4eb54,2025-11-16 08:02:57.375035+00:00,2025-11-16 08:02:57.675044+00:00
O-20251116-080257-001-000-234,BACKTESTER-001,TestSingleMakerStrategy-000,SOLUSDT-LINEAR.BYBIT,BYBIT-1-234,SOLUSDT-LINEAR.BYBIT-TestSingleMakerStrategy-000,BYBIT-001,BYBIT-1-214,LIMIT,BUY,1.0,142.150,GTC,,1.0,TAKER,142.13,-0.020000000000010232,['0.14213000 USDT'],FILLED,False,False,False,,NO_TRIGGER,,NO_CONTINGENCY,,,,,,,,02910f0b-c21d-44ae-8e4e-76ff396b5e74,2025-11-16 08:02:57.774793+00:00,2025-11-16 08:02:57.874815+00:00
O-20251116-080257-001-000-235,BACKTESTER-001,TestSingleMakerStrategy-000,SOLUSDT-LINEAR.BYBIT,BYBIT-1-235,SOLUSDT-LINEAR.BYBIT-TestSingleMakerStrategy-000,BYBIT-001,BYBIT-1-215,LIMIT,BUY,1.0,142.150,GTC,,1.0,TAKER,142.13,-0.020000000000010232,['0.14213000 USDT'],FILLED,False,False,False,,NO_TRIGGER,,NO_CONTINGENCY,,,,,,,,b4b1cfa0-804a-4f72-a6f4-d8fbd182ad86,2025-11-16 08:02:57.974473+00:00,2025-11-16 08:02:58.074874+00:00
O-20251116-080258-001-000-236,BACKTESTER-001,TestSingleMakerStrategy-000,SOLUSDT-LINEAR.BYBIT,BYBIT-1-236,SOLUSDT-LINEAR.BYBIT-TestSingleMakerStrategy-000,BYBIT-001,BYBIT-1-216,LIMIT,BUY,1.0,142.150,GTC,,1.0,TAKER,142.13,-0.020000000000010232,['0.14213000 USDT'],FILLED,False,False,False,,NO_TRIGGER,,NO_CONTINGENCY,,,,,,,,c2d21a77-8c5b-4fef-9af4-94a807203b2e,2025-11-16 08:02:58.175198+00:00,2025-11-16 08:02:58.274621+00:00
O-20251116-080258-001-000-237,BACKTESTER-001,TestSingleMakerStrategy-000,SOLUSDT-LINEAR.BYBIT,BYBIT-1-237,SOLUSDT-LINEAR.BYBIT-TestSingleMakerStrategy-000,BYBIT-001,BYBIT-1-217,LIMIT,BUY,1.0,142.150,GTC,,1.0,TAKER,142.13,-0.020000000000010232,['0.14213000 USDT'],FILLED,False,False,False,,NO_TRIGGER,,NO_CONTINGENCY,,,,,,,,1ad68d5c-3184-477c-b552-c09263da4799,2025-11-16 08:02:58.475014+00:00,2025-11-16 08:02:58.575123+00:00
